image_id,transcriptions,original_labels,indian_labels,irish_labels
1134,如果结婚是好事的话 按照我国的国情 应该托关系走后门才能结婚,misogyny,misogyny,not-misogyny
901,狠狠期待 好了嘛,not-misogyny,not-misogyny,not-misogyny
683,为什么不生孩子？ 让男的生呗 他们不是先生嘛？,misogyny,misogyny,not-misogyny
768,搞不懂呢 你知道滴 我不过是 来自大山深处的吗喽,not-misogyny,not-misogyny,not-misogyny
178,买完同款买同款 家里可以开展览,not-misogyny,not-misogyny,not-misogyny
753,叉会腰,not-misogyny,not-misogyny,not-misogyny
630,学习人出没,not-misogyny,not-misogyny,not-misogyny
87,人间不值得,not-misogyny,not-misogyny,not-misogyny
1197,我的心态 又不会死 大不了死 死了正好,not-misogyny,not-misogyny,not-misogyny
1610,当你坚持做自己，并且家人都支持你时：,not-misogyny,not-misogyny,not-misogyny
1000,我这样说 哥哥 你女朋友不会生气吧,not-misogyny,not-misogyny,not-misogyny
55,好荒唐 像是数学题精密计算后 车上只有0.5人的那种荒唐,not-misogyny,not-misogyny,not-misogyny
1278,我是自愿打工的,not-misogyny,not-misogyny,not-misogyny
222,不要孩子 你将来病了怎么办？ 怎么的，这孩子是药引子啊？,misogyny,not-misogyny,not-misogyny
114,有点想你了 不过问题不搭 看帅哥能解决的 尽量不打扰你,not-misogyny,not-misogyny,not-misogyny
725,工作使我快乐！,not-misogyny,not-misogyny,not-misogyny
1679,跟老公加亲戚关系不好 花钱大手大脚,misogyny,not-misogyny,misogyny
818,心情很好 45°+1 previous adj.以前的 所以嘴角上扬的弧度比平时多了一度,not-misogyny,not-misogyny,not-misogyny
175,今天工作do了吗？ 微do但do的不多 没有从早到晚都在do,not-misogyny,not-misogyny,not-misogyny
1201,见者生儿子,misogyny,not-misogyny,not-misogyny
1329,今天周五,not-misogyny,not-misogyny,not-misogyny
19,操你妈 贱货,misogyny,misogyny,misogyny
424,万试 OK,not-misogyny,not-misogyny,not-misogyny
1337,说我态度有问题 是因为我占理了,misogyny,misogyny,not-misogyny
286,我为什么非要伺候一个男人呢？ 脚不洗牙不刷胡子不刮,misogyny,misogyny,not-misogyny
1448,婚前：孩子生了我带 婚后：你生的孩子，你不带谁带,misogyny,misogyny,not-misogyny
429,别人的假期,not-misogyny,not-misogyny,not-misogyny
1286,以前 以前叫托 现在 现在叫探店,not-misogyny,not-misogyny,not-misogyny
1520,你不结婚我们走了以后你怎么办 你们要是不放心，我就跟你们一起走,misogyny,not-misogyny,not-misogyny
32,打起精神来,not-misogyny,not-misogyny,not-misogyny
695,家产都是儿子的，养老也是儿子的事情。,misogyny,not-misogyny,not-misogyny
1245,朕，龙颜甚悦！,not-misogyny,not-misogyny,not-misogyny
215,警惕花言巧语 致敬、独立女性,not-misogyny,not-misogyny,not-misogyny
602,如果天天上班的话 没点素质也正常吧,not-misogyny,not-misogyny,not-misogyny
327,工作do了吗？ 微do,not-misogyny,not-misogyny,not-misogyny
1550,努力奋斗中,not-misogyny,not-misogyny,not-misogyny
556,说我说话难听 你话戳他痛处 破防了,not-misogyny,not-misogyny,not-misogyny
1400,操你妈 栽种 呆逼 nmsl,misogyny,misogyny,misogyny
342,举报电话12345 捐卵代孕属于违法犯罪行为 参与者、教唆者、组织者以【组织出卖人体器官罪】【非法经营罪】论处，处以拘役、管制、有期徒刑、罚金、没收财产 拒绝代孕 女性每月排卵一次，一次仅排一个卵。代孕过程中服药强制排卵，用30cm穿刺针反复15-30次 可能导致停经，创口感染，器官感人，甚至不孕不育 卵巢癌变 死亡,misogyny,misogyny,not-misogyny
148,响,not-misogyny,not-misogyny,not-misogyny
361,你不结婚生孩子 以后老了谁照顾 只要我S的够快，就没人能照顾我,misogyny,not-misogyny,not-misogyny
84,小红书,not-misogyny,not-misogyny,not-misogyny
49,不可以 原则上可以,not-misogyny,not-misogyny,not-misogyny
469,老婆老婆老婆老婆 老婆老婆老婆 做梦也爱老婆,not-misogyny,not-misogyny,not-misogyny
156,SB 给老子死 狠,misogyny,not-misogyny,not-misogyny
1028,I will pass all my exams 我将通过所有的考试,not-misogyny,not-misogyny,not-misogyny
1194,不忙但是不帮你忙,not-misogyny,not-misogyny,not-misogyny
1030,我以为的假期：17:59 回家！18:00,not-misogyny,not-misogyny,not-misogyny
1389,超常发挥 +10 +10 +10,not-misogyny,not-misogyny,not-misogyny
501,你为什么不快乐？ 请填写此表 找到快乐 A因为那些坏人 B因为我自己的错 C这个世界就是这样 D快乐毫无意义 快乐表格 文件缺失或损坏，请重新登陆。如果不行，如果不行，如果不 确定,not-misogyny,not-misogyny,not-misogyny
180,好羡慕啊操你妈的,misogyny,misogyny,misogyny
1388,除了干饭，皆无向往 被窝以外，皆是他乡,not-misogyny,not-misogyny,misogyny
584,趁年轻 赶紧生,misogyny,misogyny,misogyny
1512,老娘独美 一人吃饱全家不饿 这个婚爱谁结谁结 反正我不结,misogyny,not-misogyny,not-misogyny
529,你不生孩子 人类灭绝了怎么办 恐龙也生孩子 但恐龙灭绝了,misogyny,misogyny,not-misogyny
347,老板你睡了 我还没下班,not-misogyny,not-misogyny,not-misogyny
1179,当男朋友说 不是我pua你 你这样的除了我 还有谁会要,misogyny,not-misogyny,misogyny
1664,白天两顿减脂餐 晚上骑手已接单,not-misogyny,not-misogyny,not-misogyny
889,乖巧/聪明 他说：和同龄人比起来，你很聪明 你应该是那种乖乖女吧？,misogyny,not-misogyny,not-misogyny
1296,放不开/放得开 他说：我以为你是那种很放得开的女生呢 你怎么这么放不开,misogyny,misogyny,misogyny
1694,对情绪和支持的无条件期望 你可曾听过 对家务分工的默认认知 家里卫生你来收拾一下吧，女生会比较细心 还是应该女孩子来做饭 女人就是腰在家照顾小孩 女孩子应该还做家务 你怎么一点都不体谅人，一点女生的体贴都没有 女孩子比较会安慰人，帮忙劝劝吧 你应该多体谅一下，女生就是天生要温柔些,misogyny,misogyny,misogyny
1559,怎么回事？一大早就努力工作 這樣會破壤规矩,not-misogyny,not-misogyny,misogyny
244,周五周五 摸鱼为主,not-misogyny,not-misogyny,not-misogyny
1254,感觉好累 高峰时段，Kimi算力不足，无法处理较长文本。 你可以尝试开启一个新会话，或者过段时间再来问我。 再试一次 上班真的好累 人工智能cos人类 看了我的海量资料之后 kimi终于也遭不住了 有种改稿改了二十次 最后被告知 用第一版的无力感,not-misogyny,not-misogyny,not-misogyny
313,哥哥这么久不理人家 一定很忙吧 是吧 我理解哥哥的,not-misogyny,misogyny,not-misogyny
436,重视女性安全 子宫不是商品 亲爱的女宝 卵子交易是违法的！无论遭遇什么艰难困境，都不要拿自己的身体作为交换 拒绝代孕 代孕的背后是无数女性拿命还钱 你连老板的加班都没办法拒绝，凭什么觉得代孕合法后，女性有权决定自己的子宫！ 每一次加入卖卵都是在助长这个黑色产业的壮大 无形中威胁到其他女性的安全 代孕过程中强制排卵，用30cm（相当于小臂长度）穿刺针反复穿刺15-30次。可能导致停经，创口感染，器官感人，甚至不孕不育 卵巢癌变 死亡 在中国，参与者、教唆者、组织者以【组织出卖人体器官罪】【非法经营罪】论处，处以拘役、管制、有期徒刑、罚金、没收财产 如果发现请向学校反映或拨打110打击犯罪团伙。地址代孕不要让子宫成为肮脏的交易工具。,misogyny,misogyny,not-misogyny
1609,我以为我当好“姐姐”就能得到父母的认可 但我更像无根的浮萍 毕竟我父母常说 “嫁出去的女儿 泼出去的水”,misogyny,misogyny,misogyny
713,谁影响我我就放弃谁 有你没你我都是我,not-misogyny,not-misogyny,not-misogyny
309,还不准备生孩子啊,misogyny,misogyny,misogyny
431,你这里有点问题 但没关系 我用ps帮你修好了,not-misogyny,not-misogyny,not-misogyny
371,一定要生男孩,misogyny,misogyny,not-misogyny
567,2025新年快乐,not-misogyny,not-misogyny,not-misogyny
722,现在不喜欢 生了你就喜欢了！ 现在不喜欢，不生我更喜欢。,misogyny,not-misogyny,not-misogyny
182,为什么不生孩子？ 不知道啊 高考又不考,misogyny,not-misogyny,misogyny
1381,早上好，我的工友,not-misogyny,not-misogyny,not-misogyny
760,我很好,not-misogyny,not-misogyny,not-misogyny
1069,我的眼泪像兰州拉面 一样滚了出来,not-misogyny,not-misogyny,not-misogyny
1560,12:00 没见过这么精神的,not-misogyny,not-misogyny,not-misogyny
297,亲戚：你不生孩子谁还记得你 我：你太奶奶叫什么你记得吗,misogyny,misogyny,not-misogyny
1696,以前屁股大的女生 满身肥肉 水桶腰 不仅屁股大 还腿粗 在意别人眼光,misogyny,misogyny,misogyny
462,谢谢姐 吃到好東西了 又幸福了,not-misogyny,not-misogyny,not-misogyny
1111,看到女人就烦,misogyny,misogyny,misogyny
1076,那份如此微博的也叫薪水？,not-misogyny,not-misogyny,not-misogyny
378,生活试图把我惹毛 发现我变得毛茸茸,not-misogyny,not-misogyny,not-misogyny
1023,男朋友眼里都是我 谁家的姑娘 女朋友,not-misogyny,not-misogyny,not-misogyny
127,今天学了吗？,not-misogyny,not-misogyny,not-misogyny
926,脆弱时间到 我们一起来祷告,not-misogyny,not-misogyny,not-misogyny
619,大好青年弄到人不像人，鬼不像鬼,not-misogyny,not-misogyny,not-misogyny
356,好心态 决定女人的一生,not-misogyny,not-misogyny,not-misogyny
1378,很爱上班这种感觉 饿不死 又挣不到钱 令人着迷,not-misogyny,not-misogyny,not-misogyny
210,候车大厅虽然吵 聊聊方案也很好,not-misogyny,not-misogyny,not-misogyny
141,论傻逼 还得是您啊,misogyny,not-misogyny,not-misogyny
1222,操你妈 听清没 操你妈,misogyny,misogyny,misogyny
1399,筋疲力尽,not-misogyny,not-misogyny,not-misogyny
1038,我去上班了 这个钱！我赚定了,not-misogyny,not-misogyny,not-misogyny
1343,逢考必过符 题目都会做的都对 高分到手拿证无忧 考神护体,not-misogyny,not-misogyny,not-misogyny
1546,我受够了你这cheap man,not-misogyny,not-misogyny,misogyny
1681,福啦 倒霉的又是我,not-misogyny,not-misogyny,not-misogyny
1663,已进入人才库,not-misogyny,not-misogyny,not-misogyny
638,我可真棒,not-misogyny,not-misogyny,not-misogyny
1505,精神涣散,not-misogyny,not-misogyny,not-misogyny
11,我是輕浮 我只是 情難自控,not-misogyny,not-misogyny,not-misogyny
916,强颜欢笑,not-misogyny,not-misogyny,not-misogyny
283,我十分想喝冰可乐！！！,not-misogyny,not-misogyny,not-misogyny
292,你那份甚么工作,not-misogyny,not-misogyny,not-misogyny
1231,脱单了吧！我儿子刚生了第二个！什么时候你也生一个！,misogyny,not-misogyny,misogyny
635,我又不是不倒翁 为什么 我不能被挫折击倒,not-misogyny,not-misogyny,not-misogyny
130,当你的教授讲课特别有热情而且你能听懂并享受所有内容,not-misogyny,not-misogyny,not-misogyny
324,不把希望寄托在别人身上 能永远对自己好的人是自己,not-misogyny,not-misogyny,not-misogyny
862,不生孩子你以后会后悔的 You will regret not having children in the future 我后悔了可以领养 你后悔了可以塞回去吗 I regret it. I can adopt it Can you put it back if you regret it,misogyny,not-misogyny,misogyny
644,那就这么说好吃 击掌,not-misogyny,not-misogyny,not-misogyny
711,嘻嘻 你真让人膈应,not-misogyny,not-misogyny,not-misogyny
842,妈妈说 要想拿下男孩子的心 首先拿住他的胃,misogyny,misogyny,misogyny
786,早上：不吃 中午：不吃 晚上： 货拉拉车队正在为您送餐,not-misogyny,not-misogyny,not-misogyny
835,你们总让我再生生生 我是心有余而银两不足啊,misogyny,misogyny,misogyny
793,曹尼玛，告辞 CNM，SB,misogyny,misogyny,misogyny
159,在写了，在写了,not-misogyny,misogyny,misogyny
1583,怎么可能全部忍得住啊 又不是忍者来的 小委屈 我能忍,not-misogyny,not-misogyny,not-misogyny
517,NEWS 如果领导掉水里了 你该怎么做？ TV 咪咪 NEWS 先走OA审批 不批不敢捞,not-misogyny,not-misogyny,not-misogyny
1215,太好了是女人 我们有救了,not-misogyny,not-misogyny,misogyny
598,话不投机，聊你妈逼 我日你妈卖批，告辞,misogyny,misogyny,misogyny
196,绝不精神内耗 老娘配享太庙,not-misogyny,not-misogyny,not-misogyny
1507,兄弟如手足，妻子如衣服,misogyny,not-misogyny,misogyny
1552,硬撑,not-misogyny,not-misogyny,not-misogyny
411,爷的脆弱 仅你可见,not-misogyny,not-misogyny,not-misogyny
97,想不到吧 我还没下班,not-misogyny,not-misogyny,not-misogyny
1053,准备迎接夸奖,not-misogyny,not-misogyny,not-misogyny
1339,我的父母： 你以后不生孩子 等你老了谁照顾你？ 妈妈别怕 我会治好你的 我： 妈妈吃饭,misogyny,not-misogyny,misogyny
157,谁周末还加班啊 原来是我,not-misogyny,not-misogyny,not-misogyny
420,敢来公司已经很厉害了,not-misogyny,not-misogyny,not-misogyny
809,你不结婚，周围的亲戚都在说三道四 现在，就现在，咱们拉个群，我看看有谁！,misogyny,not-misogyny,not-misogyny
478,前途一片牛马,not-misogyny,not-misogyny,not-misogyny
989,经常消毒，坏运消除 坏运good bye,not-misogyny,not-misogyny,not-misogyny
1269,不会消息是吧 你现在是光鲜了 留我和孩子在乡下放牛,not-misogyny,not-misogyny,misogyny
817,星期日 让我看看你的真面目！ 星期五 我就知道！,not-misogyny,not-misogyny,not-misogyny
1109,想买一本《情绪控制》 送给我老婆 110吗？这里有一个神经病 嫁的是人是狗，看送的礼物就知道了 — —《中国妈妈带娃图鉴》,misogyny,misogyny,misogyny
448,告诉考试 我不认输,not-misogyny,not-misogyny,not-misogyny
1193,再生一个，凑成好字 万一又生一个儿子怎么办！,misogyny,not-misogyny,misogyny
179,妈的累死爹了休息一下,misogyny,not-misogyny,not-misogyny
391,坦克 肥婆 别吃了 丑 肥猪 水桶腰 好肥 怎么还吃 粗 大象腿,misogyny,misogyny,misogyny
579,不是靓仔不要和我搭话 我操你妈逼啊,misogyny,misogyny,misogyny
745,学术论文,not-misogyny,not-misogyny,not-misogyny
1456,连屎都拉不出来 我现在一个 擅长的技能都没有了.....,not-misogyny,not-misogyny,not-misogyny
811,社恐内向 受不了肚子里有个陌生人,not-misogyny,not-misogyny,misogyny
1402,很爱上班这种感觉 饿不死又挣不到钱 令人着迷,not-misogyny,not-misogyny,not-misogyny
1651,需要说sorry 吗？,not-misogyny,not-misogyny,not-misogyny
766,你结婚了，我们才能安心 安的啥心,misogyny,not-misogyny,misogyny
1186,这是国宴微臣不敢吃,not-misogyny,not-misogyny,not-misogyny
942,高高兴兴上学,not-misogyny,not-misogyny,not-misogyny
143,什么时候结婚 死之前,misogyny,not-misogyny,misogyny
1553,我鬼混回来了,not-misogyny,not-misogyny,not-misogyny
1005,新年新气象,not-misogyny,not-misogyny,not-misogyny
949,再不摸鱼就该下班了,not-misogyny,not-misogyny,not-misogyny
637,offer+ 1 offer+ 1 offer+ 1 offer+ 1 offer+ 1 offer+ 1 of fer+ 1 offer+ 1 offer+ 1 offer+ 1 offer+ 1 Offer+ 1 offer+ 1 offer+ 1 吸引 offer,not-misogyny,not-misogyny,not-misogyny
1475,哎嘿...嘿嘿嘿 我上辈子一定是大好人 这辈子才能遇见这么美丽超级好的老婆,not-misogyny,not-misogyny,not-misogyny
616,当我情绪稳定的时候 我已经疯了,not-misogyny,not-misogyny,not-misogyny
295,真实的留子现况 穿搭我说把这个领子翻出来 精神状态 社交 出来没什么劲 外语水平 水 是杯子还是水,not-misogyny,not-misogyny,not-misogyny
1326,好油像你一样,not-misogyny,not-misogyny,not-misogyny
1613,老師，我可不可以..,not-misogyny,not-misogyny,not-misogyny
89,你最近还好吗？,not-misogyny,not-misogyny,not-misogyny
42,人生乱套我睡觉,not-misogyny,not-misogyny,not-misogyny
1641,听到了么 是流水线开工的声音,not-misogyny,not-misogyny,not-misogyny
132,这么巧？ 你也错峰睡觉啊,not-misogyny,not-misogyny,not-misogyny
1395,如果9点上班的意思是我9点就必须要公司 那不6点下班的意思不是 我6点就应该在家吗？,not-misogyny,not-misogyny,not-misogyny
1157,报一丝哈,not-misogyny,not-misogyny,not-misogyny
1466,没人要的老女人,misogyny,misogyny,misogyny
1573,男的来了,not-misogyny,not-misogyny,misogyny
906,老婆不再 我也要乖乖睡觉 要想老婆！,not-misogyny,not-misogyny,misogyny
165,人生要走万里路 迈好强身第一步,not-misogyny,not-misogyny,not-misogyny
291,你觉得合适吗？,not-misogyny,not-misogyny,not-misogyny
1607,如果你有一个儿子 你得好好锻炼他,not-misogyny,not-misogyny,not-misogyny
1097,干了各位 祝福都在这里了,not-misogyny,not-misogyny,not-misogyny
349,我妈：年纪大了，想抱孙子 我：让你做月嫂你又不肯,misogyny,not-misogyny,not-misogyny
572,成功女人第三步 嘴甜心狠,not-misogyny,misogyny,misogyny
844,早插秧早收谷 早生孩子早享福,misogyny,not-misogyny,misogyny
1600,人不聪明 个不高 胸又小 屁事还不少,misogyny,misogyny,misogyny
875,假期结束了 我的人生也完了 不上班带来经济问题 上班带来精神问题,not-misogyny,not-misogyny,not-misogyny
1357,看看我自己啦，漂亮能干,not-misogyny,not-misogyny,not-misogyny
1121,认真 本人求职,not-misogyny,not-misogyny,not-misogyny
758,陛下所言极是,not-misogyny,not-misogyny,not-misogyny
459,我操你妈啊 吃爸爸一拳,misogyny,misogyny,misogyny
376,睁开眼睛,not-misogyny,not-misogyny,not-misogyny
334,奴才先行告退,not-misogyny,not-misogyny,not-misogyny
967,你瞅瞅多牛逼啊,not-misogyny,not-misogyny,not-misogyny
1581,别逼我打你 你的脑子呢？,not-misogyny,not-misogyny,not-misogyny
1690,世界再见,not-misogyny,not-misogyny,not-misogyny
924,爸爸赚钱 妈妈赚钱 带娃 做饭 做家务 防小三 人情世故 陪娃睡觉 给娃洗澡 辅导作业 接娃上下学 老师随叫随到 参加学校活动 陪娃玩 陪娃看病 菜买零食 半夜给孩子 半夜喂孩子喝水 心理疏导 自我消化 管理好自己的情绪 观察孩子的身体变化,misogyny,misogyny,misogyny
1538,老師您放心 我一定會搞砸,not-misogyny,misogyny,not-misogyny
1575,儿子10万 女儿5万,misogyny,misogyny,misogyny
1143,被贴上“理所当然”的标签 我们该如何反抗 女孩子比较会安慰人，帮忙劝劝吧 你负责照顾孩子，这对妈妈来说不就是本分吗？ 年纪不小了，女生早点结婚才合适 你是女生，稍微打扮一下是应该的 你们女生心思细腻，这种沟通你去谈更好 女生还是适合比较稳定的工作，别太拼 女生要学会包容 看见不平等,misogyny,not-misogyny,misogyny
329,新年快乐 柿柿如意 2025,not-misogyny,not-misogyny,not-misogyny
782,早上：不吃 中午：不吃 晚上： 货拉拉正在为您送餐,not-misogyny,not-misogyny,not-misogyny
319,调休：中国人自己的时光机 什...什么? 昨天星期一 今天还是星期一,not-misogyny,not-misogyny,not-misogyny
1304,cnm~biubiubiu~QAQ,misogyny,misogyny,misogyny
1471,人是没有必要非得吃三餐的 即使是被人掐住了咽喉！！ 我也要说,not-misogyny,not-misogyny,not-misogyny
1477,没关系 还在呼吸 已经很厉害了,not-misogyny,not-misogyny,not-misogyny
168,好饭！,not-misogyny,not-misogyny,not-misogyny
13,不要跟我讲道理 给钱就行了 你说啥都对,not-misogyny,not-misogyny,not-misogyny
172,跟表格干吧 至少能忘掉一切,not-misogyny,not-misogyny,not-misogyny
650,我是黑马,not-misogyny,not-misogyny,not-misogyny
261,移腚ok! 一定成功 啃腚能行！肯定能行 指腚成功！指定成功 一口咬腚 一口咬定你最棒,not-misogyny,not-misogyny,not-misogyny
1542,宝宝你好香身上有一股 上6休3上3休2上5休1上2休7 再上5休1 的班味 咪咪TV,not-misogyny,not-misogyny,not-misogyny
1198,我不是拖延症 我之所以等到最后一分钟才去做事 是因为那时候的我更老了 做事也会更成熟一些 无辜,not-misogyny,not-misogyny,not-misogyny
673,这是我一生中最勇敢的瞬间 远在世界尽头的你站在我面前,not-misogyny,not-misogyny,not-misogyny
259,女男平等,not-misogyny,not-misogyny,not-misogyny
1019,nmb wcnm 能明白 我宠你吗？,misogyny,misogyny,misogyny
139,结果出来了，你脑子里全是放假 放假 嘿嘿....,not-misogyny,not-misogyny,not-misogyny
550,我没心情工作,not-misogyny,misogyny,misogyny
778,真娘们儿,not-misogyny,not-misogyny,not-misogyny
1366,已经懒得解释了 你说夜里有太阳 我说注意防晒,not-misogyny,not-misogyny,not-misogyny
1059,请给微臣一个明示,not-misogyny,not-misogyny,not-misogyny
1279,除了该睡的 时候不睡 其他时候 都想睡,not-misogyny,not-misogyny,not-misogyny
559,双手握住 简单的快乐,not-misogyny,not-misogyny,not-misogyny
140,勤力有用的话，乡下的牛早就发财了,not-misogyny,not-misogyny,not-misogyny
1629,蛇·年·灵·蛇·送·祝·福· 万事如意,not-misogyny,not-misogyny,not-misogyny
532,每个渺小的理由 都困住自由,not-misogyny,not-misogyny,not-misogyny
225,没有那种世俗的欲望,not-misogyny,not-misogyny,not-misogyny
724,下班了！！！！！,not-misogyny,not-misogyny,not-misogyny
744,职场歧视 表现： “本岗位仅招男性” “当领导的大部分是男性” “女生就是容易有工作情绪” “你什么时候有生孩子的打算”,misogyny,misogyny,misogyny
410,前途一片归西,not-misogyny,not-misogyny,not-misogyny
326,忙且发疯 今日精神状态,not-misogyny,not-misogyny,not-misogyny
874,我的父母：你以后不生孩子 等你老了谁照顾你？ 我：,misogyny,not-misogyny,misogyny
300,还是那句话：我真的很不错 礼貌太太 今天,not-misogyny,not-misogyny,not-misogyny
1079,cnm cnm cnm cnm cnm cnm cnm cnm 看我不骂死你！,misogyny,misogyny,misogyny
938,女人都是骗子,misogyny,misogyny,misogyny
1141,保佑我水到毕业,not-misogyny,not-misogyny,not-misogyny
1576,请雇我工作,not-misogyny,not-misogyny,not-misogyny
715,金箍棒，我们走,not-misogyny,not-misogyny,not-misogyny
194,命只有一条 要命的事不只一件,not-misogyny,not-misogyny,not-misogyny
441,他们说：你要 顾家 白幼瘦 为家庭付出 勤劳朴素 留长发 温柔体贴 穿裙子 体制内 早结婚早生娃 为了孩子忍一忍 有女孩子的样子 保持身材 稳定下来 传宗接代 会撒娇 不打麻药为孩子好,misogyny,misogyny,misogyny
574,结婚那么容易 离婚却又冷静期,misogyny,misogyny,misogyny
504,让你怀孕洗个碗怎么了？ 谁怀孕不长纹的，就你金贵还涂个油,misogyny,misogyny,misogyny
606,看着我的刀再说一遍,not-misogyny,not-misogyny,not-misogyny
974,真是脏东西,not-misogyny,not-misogyny,not-misogyny
1518,什么时候生娃？,misogyny,misogyny,misogyny
4,当男朋友说 你只能属于我 你敢跟我分手 我就打断你的腿,misogyny,misogyny,misogyny
1482,小时候觉得30岁很老 到了30岁才醒悟：,not-misogyny,not-misogyny,not-misogyny
1048,不结婚，不生孩子 永远不知道什么叫可怜天下父母心 不当父母我省心,misogyny,misogyny,not-misogyny
468,女人当然擅长数学,not-misogyny,not-misogyny,misogyny
322,cnm听清没？ 我说cnm!!,misogyny,misogyny,misogyny
6,女人的照片你也信,misogyny,misogyny,misogyny
223,从今天起我要用圣人的标准要求别人 用贱人的标准来要求自己,not-misogyny,not-misogyny,not-misogyny
548,请不要说： 上厕所 请说： 我去所里交点材料,not-misogyny,not-misogyny,not-misogyny
1630,光顾着上班 忘记上吊了,not-misogyny,not-misogyny,not-misogyny
40,还有哪个管得到老子？还有哪个管得到老子？,not-misogyny,not-misogyny,not-misogyny
543,咖啡醒脑的正确用法be like,not-misogyny,not-misogyny,not-misogyny
243,我要的是钱 OK,not-misogyny,not-misogyny,not-misogyny
137,震撼 美味！,not-misogyny,not-misogyny,not-misogyny
1492,熬夜惯犯,not-misogyny,not-misogyny,not-misogyny
1341,cao ni ma 操你妈,misogyny,not-misogyny,not-misogyny
964,深度学习,not-misogyny,not-misogyny,not-misogyny
988,干饭,not-misogyny,not-misogyny,not-misogyny
1666,你都30了 怎么还不结婚啊？,misogyny,not-misogyny,not-misogyny
1207,好心酸 是领一份薪资干八份活 “我...我很好啊” 却骗自己 我能力超群的心酸,not-misogyny,not-misogyny,not-misogyny
969,仕事始 我司雇我在,not-misogyny,not-misogyny,not-misogyny
1549,大吉大利 大吉大利,not-misogyny,not-misogyny,not-misogyny
582,呵女人,not-misogyny,misogyny,misogyny
1661,以前屁股大的女生 身材焦虑 被嘲笑 自卑 被长辈说 这样的好生娃,misogyny,misogyny,misogyny
1673,我有密集恐惧症 不能接近心眼子太多的人,not-misogyny,not-misogyny,not-misogyny
662,"牛马 底薪3000, 我能接受 工人 一个月一万二那可不够",not-misogyny,not-misogyny,not-misogyny
1006,请把牛马 还给大自然,not-misogyny,not-misogyny,not-misogyny
1574,你现在不结婚 老了怎么办？活不下去就会死 死不就有活路,misogyny,not-misogyny,not-misogyny
377,我不想复习 不你想,not-misogyny,not-misogyny,not-misogyny
1511,你不去当厨子可惜了 甩锅这么厉害,not-misogyny,misogyny,not-misogyny
315,姐姐就算太忙也要注意身体 不然我会心疼的,not-misogyny,not-misogyny,not-misogyny
443,很喜欢周一 有种锒铛入狱的感觉,not-misogyny,not-misogyny,not-misogyny
1114,探你妈 给老子死,misogyny,misogyny,misogyny
320,人 呢 在吗 你的宝宝回来了,not-misogyny,not-misogyny,not-misogyny
282,是女孩，打掉！,misogyny,misogyny,misogyny
845,不吃野味，好运翻倍,not-misogyny,not-misogyny,not-misogyny
1014,吉时已到“下班”,not-misogyny,not-misogyny,not-misogyny
1331,人家要嘛~,not-misogyny,not-misogyny,not-misogyny
425,为什么不生孩子？ 我社恐 接受不了肚子里有个陌生人 生不了,misogyny,not-misogyny,misogyny
554,含沙射影式 怼人却不自知的文案,not-misogyny,misogyny,misogyny
595,我钱呢。。鼠鼠我啊...我钱呢,not-misogyny,not-misogyny,not-misogyny
1667,结了婚你的罪名就多了 不生娃 生的娃不是男娃,misogyny,misogyny,misogyny
369,我的父母： 你不生孩子，老了谁照顾你？ 我：不用供孩子上学给婚买买车省的钱,misogyny,not-misogyny,misogyny
1183,哈哈,not-misogyny,not-misogyny,not-misogyny
1176,已生儿子 一接一个准 #接儿子,misogyny,misogyny,misogyny
983,白月川川,not-misogyny,misogyny,misogyny
1376,躺平是我人生中最伟大的壮举,not-misogyny,not-misogyny,not-misogyny
893,这是成长 这也是成长,not-misogyny,not-misogyny,not-misogyny
228,我能说脏话吗？ 不能吗？ 那我没什么好说的了,not-misogyny,not-misogyny,not-misogyny
905,论眼光还是您短浅哈,not-misogyny,not-misogyny,not-misogyny
1346,多大点事啊,not-misogyny,not-misogyny,not-misogyny
1260,我真厉害,not-misogyny,not-misogyny,not-misogyny
1156,在公司我有三不做,not-misogyny,not-misogyny,not-misogyny
67,以前的女生 言听计从 容易被cpu,misogyny,misogyny,misogyny
394,当事人 当时就是想吃，非常想吃,not-misogyny,not-misogyny,not-misogyny
580,我司雇我在,not-misogyny,not-misogyny,not-misogyny
25,好棒！ 拒绝加班,not-misogyny,not-misogyny,not-misogyny
212,你不结婚我都睡不着 那就醒着 还能熬成国宝,misogyny,not-misogyny,not-misogyny
1310,上桌吃饭,not-misogyny,not-misogyny,not-misogyny
998,出去上班说你不带娃 在家带娃说你不上班挣钱,misogyny,not-misogyny,misogyny
537,过年好,not-misogyny,not-misogyny,not-misogyny
1118,超级珍视自己的感受 勇敢离开让自己感到内耗的人和事,not-misogyny,not-misogyny,not-misogyny
1104,做不了找别人吧,not-misogyny,not-misogyny,not-misogyny
86,谢谢老板 实在吃不下了,not-misogyny,not-misogyny,not-misogyny
1531,早上好！让我看看是谁还没起床！,not-misogyny,not-misogyny,not-misogyny
273,你不结婚我晚上都睡不着觉 那我就给您找个夜班上上,misogyny,not-misogyny,not-misogyny
1235,你明白 我宠你嘛 NMB WCNM,misogyny,misogyny,misogyny
1001,隔壁都二胎了,misogyny,misogyny,misogyny
837,你什么你 你妈了个逼,misogyny,misogyny,misogyny
1533,不生孩子你以后会后悔的 我后悔了可以领养 你后悔了可以塞回去吗,misogyny,not-misogyny,misogyny
631,给您拜年啦！,not-misogyny,not-misogyny,not-misogyny
1643,走一步算一步 STOP 实在不行死半路,not-misogyny,not-misogyny,not-misogyny
1587,贪吃蛇,not-misogyny,not-misogyny,not-misogyny
1166,如果鲁宾逊漂流到中国他就有两个星期五了,not-misogyny,not-misogyny,not-misogyny
945,大不了去死,not-misogyny,not-misogyny,not-misogyny
506,福,not-misogyny,not-misogyny,not-misogyny
274,家里有孩子才热闹 咱俩现在吵一架不就热闹了,misogyny,misogyny,misogyny
918,CNM 你个SB NMB 素质三连,misogyny,misogyny,misogyny
1122,你的小花招 成功引起了我的注意,not-misogyny,not-misogyny,not-misogyny
363,今天未读洋鬼子文献 请祖国放心,not-misogyny,not-misogyny,not-misogyny
1374,科二都能挂了，怕生个孩子也能挂了 挂科的微笑 我混油皮，不适合生孩子,misogyny,not-misogyny,misogyny
623,好棒！ 准时上班,not-misogyny,not-misogyny,not-misogyny
3,怎么还不生孩子？ 你还没投胎,misogyny,not-misogyny,misogyny
7,只因为我是姐姐 我就要学会“牺牲” 但其实我也想有自己的人生 我今天很忙，没空辅导弟弟了 连弟弟都不肯帮，你可真冷血,misogyny,misogyny,misogyny
312,滚你妈逼,misogyny,not-misogyny,not-misogyny
1252,有事直说 反正我也帮不了你,not-misogyny,not-misogyny,not-misogyny
839,些微有点晕字,not-misogyny,not-misogyny,not-misogyny
666,很内向 在工位都不敢学习,not-misogyny,not-misogyny,not-misogyny
365,这是蟠桃 这是黄桃 这是丫头你别想桃,not-misogyny,not-misogyny,misogyny
1676,我去你妈逼,misogyny,misogyny,misogyny
216,过年好 过年好,not-misogyny,not-misogyny,not-misogyny
868,请雇我打工,not-misogyny,not-misogyny,not-misogyny
28,把不学习的都抓起来！——上岸村委会宣,not-misogyny,not-misogyny,not-misogyny
1221,蛇来运转,not-misogyny,not-misogyny,not-misogyny
526,等老娘练好就去干你,not-misogyny,not-misogyny,not-misogyny
1556,无所谓 晚上我会啃床,not-misogyny,not-misogyny,not-misogyny
858,一无所有不好吗,not-misogyny,not-misogyny,not-misogyny
639,"操你媽逼（-30%） 操你妈逼 購買操你媽逼（-30%）组合包 -30%-55% 加入購物車 NTS1,513",misogyny,misogyny,misogyny
1051,爸妈又来催婚了 但我已经不烦了,misogyny,misogyny,misogyny
719,工作do了吗？ 你啰嗦了,not-misogyny,not-misogyny,not-misogyny
692,这我学过？,not-misogyny,not-misogyny,not-misogyny
1335,我有密集恐惧症 不能接近心眼子太多的人,not-misogyny,not-misogyny,misogyny
625,小狗给你力量 得到小狗力量的人都会 考试顺利 一飞冲天,not-misogyny,not-misogyny,not-misogyny
8,坚持住 忙完这阵子 就可以忙下一阵子了,not-misogyny,not-misogyny,not-misogyny
257,我有力量度过任何难关,not-misogyny,not-misogyny,not-misogyny
804,头发长见识短，当初怎么就让你进门了呢 我见识短，您眼光高，这不才让我有机会进门么,misogyny,not-misogyny,not-misogyny
26,为什么不生孩子？ 我有案底 峡谷里杀过太多人 生不了,misogyny,not-misogyny,not-misogyny
337,真油你的,not-misogyny,not-misogyny,not-misogyny
573,咩事?,not-misogyny,not-misogyny,not-misogyny
48,周五周五 眉飞色舞,not-misogyny,not-misogyny,not-misogyny
1413,不生二胎 不旺夫 不伺候老公 不孝敬公婆,misogyny,not-misogyny,misogyny
107,如果我晚婚有罪 请让法律制裁我 别当着我的面说我眼光高 背后又说我嫁不出去,misogyny,not-misogyny,misogyny
350,精神涣散,not-misogyny,not-misogyny,not-misogyny
56,成功女人第二步 只谈钱不谈感情,not-misogyny,not-misogyny,misogyny
239,你参加婚礼看着别人结婚没啥想法啊？ 有啊，什么时候上菜,misogyny,not-misogyny,not-misogyny
214,你不行 谁行？,not-misogyny,not-misogyny,not-misogyny
121,我真厉害,not-misogyny,not-misogyny,not-misogyny
1572,朋友：我都生了 你赶紧生 我： 我宫寒生不了呢,misogyny,misogyny,misogyny
1318,谢谢你 一路陪我到这里,not-misogyny,not-misogyny,not-misogyny
794,说我不合群 你没有迎合他不随大流,not-misogyny,not-misogyny,not-misogyny
73,按下骂人开关,not-misogyny,not-misogyny,not-misogyny
813,摇钱树怎么种 shake money tree,not-misogyny,not-misogyny,not-misogyny
1469,天天打工天天愁 天天加班像只猴,not-misogyny,misogyny,not-misogyny
1608,鼠了,not-misogyny,not-misogyny,not-misogyny
915,好笑吗,not-misogyny,not-misogyny,not-misogyny
46,老板说团建都有一劫 神仙公司团建：仪式感 牛马公司团建：无感 ...这对吗？可为什么人家公司 团建是音乐节,not-misogyny,not-misogyny,not-misogyny
1426,你超蒂,not-misogyny,not-misogyny,not-misogyny
524,两手空空心事重重,not-misogyny,not-misogyny,not-misogyny
233,宫寒，还在在里面会冻坏 拿捏 不是不生，是调生，调到下辈子生,misogyny,not-misogyny,misogyny
1579,生死难料 先睡一觉,not-misogyny,not-misogyny,not-misogyny
1248,别跟我说话 我有洁癖,not-misogyny,misogyny,misogyny
1284,CNM比心情,misogyny,misogyny,misogyny
1424,你明白，我宠你嘛 NMB WCNM,misogyny,misogyny,misogyny
534,怎么肥柿,not-misogyny,not-misogyny,not-misogyny
1138,我是色盲 看不懂别人脸色,not-misogyny,not-misogyny,not-misogyny
1285,我这生活清汤寡水的 嘴巴毒一点怎么了,not-misogyny,not-misogyny,misogyny
604,没人要的老女人,misogyny,misogyny,misogyny
466,孩子带的好功劳不是你的 把孩子带好是你应该的,misogyny,misogyny,misogyny
1275,对我有欲望也是人之常情,not-misogyny,not-misogyny,not-misogyny
789,我的精神状态 finalweek 我,not-misogyny,not-misogyny,not-misogyny
1442,在做了在做了！！！,not-misogyny,not-misogyny,not-misogyny
1270,据我所知 我一无所知啊,not-misogyny,misogyny,not-misogyny
1112,明天开始减，先把这碗吃了,not-misogyny,not-misogyny,not-misogyny
61,只因为我是姐姐 我就要“乖巧” 但为什么邻居家的哥哥不需要做家务呢？ 作为长女，你今天帮忙做饭，洗碗，帮弟弟泡奶粉,misogyny,misogyny,misogyny
1080,过年的语言艺术催生二胎篇 今年由由上幼儿园了 就赶紧再生一个吧 不是房贷就是车贷没有时间研究下一代,misogyny,not-misogyny,misogyny
93,今日人设 脾气不太好的那女的,not-misogyny,misogyny,misogyny
667,怎么还不生我了？ 我是i人，不想生不认识的人,misogyny,not-misogyny,misogyny
894,你猫杯nmb,misogyny,misogyny,misogyny
1678,加班是一种 高级的趣味,not-misogyny,not-misogyny,not-misogyny
195,哈哈他妈了b的,misogyny,misogyny,misogyny
281,活着又好像死了,not-misogyny,not-misogyny,not-misogyny
696,生小孩 什么时候生小孩 早生对身体好 还不生孩子,misogyny,misogyny,misogyny
360,给朋友的备注： 卖粪的 (myfriend),not-misogyny,not-misogyny,not-misogyny
520,感觉好累 有种不吃不喝 赶了七天工结果 成果是别人的无力感,not-misogyny,not-misogyny,not-misogyny
1246,摸了摸自己 发现硬硬的 原来是死了,not-misogyny,not-misogyny,not-misogyny
1334,知识的芬芳与温柔的力量 我都拥有,not-misogyny,not-misogyny,not-misogyny
848,爸妈：你老了生病了 身边一个人都没有咋办？ 我：小病就治，大病等死,misogyny,not-misogyny,misogyny
183,如果晚上不准吃东西 那为什么冰箱里有灯,not-misogyny,not-misogyny,not-misogyny
1161,他们说： 你头发这么短 没有女人味,misogyny,misogyny,misogyny
1171,不开任何玩笑 我现在真的觉得我已经精疲力尽了,not-misogyny,misogyny,not-misogyny
111,哈哈,not-misogyny,not-misogyny,not-misogyny
1150,你 就你！逢考必过,not-misogyny,not-misogyny,not-misogyny
1047,你不生孩子 死了谁记得你呀 你太奶奶叫什么你记得吗,misogyny,misogyny,misogyny
43,鸭头 眼神是不会骗人的,not-misogyny,not-misogyny,not-misogyny
747,苦涩 ...挺好,not-misogyny,not-misogyny,not-misogyny
126,聪明不绝顶,not-misogyny,misogyny,not-misogyny
205,祝妳永远是自己,not-misogyny,not-misogyny,not-misogyny
1206,不论发生什么 都坚定站在自己这边,not-misogyny,not-misogyny,not-misogyny
53,我真的感觉 我已经 筋疲 力尽 了,not-misogyny,misogyny,not-misogyny
1272,二胎政策开放以来 周围都是这样的声音 趁我们还能帮你带，赶紧多生一个 趁年轻多生一个，老了就生不了 人生要有一儿一女才是圆满的,misogyny,misogyny,misogyny
546,交给我就放心吧 包搞砸的,not-misogyny,misogyny,not-misogyny
69,为了催生， 长辈们经常挂在嘴边的儿句话： 生孩子有什么好怕的， 哪个女人不是这样过来的” 不生孩子的女人是不完整的” 生完了你就喜欢孩子了” 看不见的女性困境,misogyny,not-misogyny,misogyny
1199,快去给我生孩子,misogyny,misogyny,misogyny
508,让我今晚拥有 婴儿般的睡眠 老天保佑,not-misogyny,not-misogyny,misogyny
1319,你现在不结婚 老了怎么办 把你挖起来陪我,misogyny,not-misogyny,misogyny
330,没出息没关系 有气息就好了,not-misogyny,not-misogyny,not-misogyny
1429,我办事你就闹心吧,not-misogyny,not-misogyny,not-misogyny
184,为什么不带上人家 你们在干嘛啊,not-misogyny,not-misogyny,not-misogyny
138,你这孩子，咋还不结婚呢？ 快点找个好人家！,misogyny,misogyny,misogyny
900,我的爱 收好,not-misogyny,not-misogyny,not-misogyny
797,在学了 在学了,not-misogyny,not-misogyny,not-misogyny
133,I Love 油,not-misogyny,not-misogyny,not-misogyny
81,姐姐妹妹们，留在牌桌上。@东亚女孩野生实验,not-misogyny,misogyny,not-misogyny
1371,我又饿了 减肥真是太难了,not-misogyny,not-misogyny,misogyny
106,IELTS 19 Academic Authentic PracticeTests With Audio With Answers CAMBRIDGE,not-misogyny,not-misogyny,not-misogyny
1314,有空咱们一起去吃鱼吧 看你挺会挑刺,not-misogyny,not-misogyny,not-misogyny
542,人有悲欢离合 牛马点缀生活,not-misogyny,not-misogyny,not-misogyny
940,逢考必过 你 就你！,not-misogyny,not-misogyny,not-misogyny
481,偷偷学 卷死所有人,not-misogyny,not-misogyny,not-misogyny
166,周六上班 刻骨心酸 我岂止是没气血了 我简直是快没气了,not-misogyny,not-misogyny,not-misogyny
249,家和万事兴,misogyny,not-misogyny,not-misogyny
308,八方来柴 柴圆滚滚,not-misogyny,not-misogyny,not-misogyny
447,我已經不是當年的窮小子了 現在的我是今年的窮小子,not-misogyny,not-misogyny,not-misogyny
951,找工作投简历 像是奴隶给自己找个奴隶主,not-misogyny,not-misogyny,not-misogyny
859,我不会再相信爱情 但是我会,not-misogyny,not-misogyny,not-misogyny
335,整个人状态非常好,not-misogyny,not-misogyny,not-misogyny
1037,我养你啊 笨,not-misogyny,not-misogyny,not-misogyny
850,别熬夜了 实在睡不着熬锅粥拉早市去卖吧,not-misogyny,not-misogyny,not-misogyny
98,已读 不值得回,not-misogyny,not-misogyny,not-misogyny
1349,出现了、比我钱包 更干净的東西： 我的简历,not-misogyny,not-misogyny,not-misogyny
1677,好棒！ 会开电脑,not-misogyny,not-misogyny,not-misogyny
738,老子最烦女人了,misogyny,misogyny,misogyny
1074,放心肯定来不及,not-misogyny,not-misogyny,not-misogyny
1240,hello kitty 看了都想把你摁在地上打 并决定建议你先死一死 公主发出银铃般的笑声 我草 贱死了,misogyny,not-misogyny,misogyny
422,其他人：你以后不生孩子 等你老了谁照顾你？ 我：,misogyny,not-misogyny,misogyny
103,人善变人妻,misogyny,not-misogyny,misogyny
435,为什么不结婚？ 我怕我自己出轨,misogyny,misogyny,misogyny
75,我问姐妹为什么不生孩子 一个说宫寒 怕冻着孩子,misogyny,misogyny,misogyny
1522,窒息,not-misogyny,misogyny,not-misogyny
910,我很好,not-misogyny,not-misogyny,not-misogyny
1035,你不结婚，我晚上都睡不着觉 睡不着不妨找个夜班上上？,misogyny,not-misogyny,misogyny
229,有惊无险 又到五点 I miss home in company 我的打工mbti是 HOME,not-misogyny,not-misogyny,not-misogyny
1543,这年头 真是什么人都有,not-misogyny,not-misogyny,not-misogyny
919,温暖的太陽、 舒爽的和風 啊啊~ 活著真是一件 美好的事情 。,not-misogyny,not-misogyny,not-misogyny
303,放假啦！放假啦！放假啦！放假啦！放假啦！放假啦！hhhhhhhhhh,not-misogyny,not-misogyny,not-misogyny
1699,重男轻女的家庭,misogyny,misogyny,misogyny
1425,我的脑子它 刚刚离家出走了 芜湖,not-misogyny,not-misogyny,not-misogyny
1382,两眼一睁 干到熄灯,not-misogyny,not-misogyny,not-misogyny
825,你的戏可以像 你的钱一样少吗 你还想怎么样 我还没怪你呢,not-misogyny,not-misogyny,not-misogyny
763,人有悲欢离合 牛马点缀生活 生活,not-misogyny,not-misogyny,not-misogyny
734,要素颜哦～邪魅一笑 拍个照给姐看看,not-misogyny,not-misogyny,not-misogyny
389,这是药丸 这是牛肉丸 这是对你爱爱爱不完,not-misogyny,not-misogyny,not-misogyny
236,妈妈说：你不结婚 我晚上都睡不着觉,misogyny,not-misogyny,misogyny
1406,在吗 人呢？ 你的宝宝回来了,not-misogyny,not-misogyny,misogyny
1555,为什么不生二胎 喜欢奇数,misogyny,misogyny,misogyny
268,这么爱熬夜 上辈子会不会是路灯,not-misogyny,not-misogyny,not-misogyny
306,刻薄的小女孩来啦！ 就是我！,not-misogyny,not-misogyny,not-misogyny
1133,是我不对 又把你当人看了,not-misogyny,misogyny,not-misogyny
1007,要开心呀姐妹 财神不渡怨妇,not-misogyny,misogyny,not-misogyny
118,还愿意工作已经很厉害了,not-misogyny,misogyny,misogyny
1441,我操你妈逼，傻逼，狗 逼，贱逼，逗逼,misogyny,misogyny,misogyny
674,人心换人心 换不了的话我换人,not-misogyny,misogyny,not-misogyny
250,顾的 顾的 歪瑞顾的,not-misogyny,not-misogyny,not-misogyny
1234,你不结婚 那谁吃苦啊,misogyny,misogyny,misogyny
1218,这场手术需要病人在无意识的状态下进行 好吧,not-misogyny,not-misogyny,not-misogyny
72,世事在变，我说，天下不再是男孩和男人的了。 The world is no longer Boys and men's too.,not-misogyny,misogyny,not-misogyny
95,骄傲！,not-misogyny,not-misogyny,not-misogyny
1089,买完同款买同款 家里可以开展览,not-misogyny,not-misogyny,not-misogyny
34,家庭绑架 表现： “你怎么还不生孩子啊” “就应该男主外，女主内” “你不需要工作，我可以养你”,misogyny,misogyny,misogyny
800,怎么不带男朋友回家？ 他有家 咪咪TV,not-misogyny,misogyny,not-misogyny
1243,以后有钱了，三金会补给你的 涂妊娠油有什么用，我们当时不是照样过来了，瞎用东西再伤到我大孙子,misogyny,not-misogyny,misogyny
1423,当国庆节跟女友出去旅游时 等会就要检票 出去玩喽,not-misogyny,not-misogyny,not-misogyny
449,是你吧,not-misogyny,not-misogyny,not-misogyny
446,周一美式 一周没事,not-misogyny,not-misogyny,not-misogyny
772,SB 请跟我读,misogyny,not-misogyny,not-misogyny
717,五彩斑切涮身上挂 晚上加班不害怕,not-misogyny,not-misogyny,not-misogyny
1081,得意 俺真厉害,not-misogyny,not-misogyny,not-misogyny
1293,蛇年大吉,not-misogyny,not-misogyny,not-misogyny
1,朋友 你的公司好眼熟 有点像我的 神仙公司十周年庆： 请霞虹花园乐队演出助兴 几素 牛马公司十周年庆： 饮水机畅饮 能给我交个社保看看吗,not-misogyny,not-misogyny,not-misogyny
1394,女性一生要承受的语言暴力 22岁：身材这么烂还敢秀出来，脸皮真厚。 23岁：你长得这么普通，又没什么经验能干什么工作？ 24岁：活该，穿那么暴露不就死活想被摸吗！ 27岁：年纪轻轻就做了高层，肯定被潜规则啦！ 28岁：快30岁了还不嫁人，我在你这个年纪都是两个孩子的妈了！ 30岁：这把年龄还没嫁出去，不会是老处女吧！ 31岁：女人不生小孩，人生都不是完整的！,misogyny,misogyny,misogyny
1169,你们这些年轻人 为什么都不愿意生孩子,misogyny,not-misogyny,misogyny
78,财源滚滚 爷 我想你了....,not-misogyny,not-misogyny,not-misogyny
85,老婆大人 为夫来了,not-misogyny,not-misogyny,not-misogyny
145,/,misogyny,misogyny,not-misogyny
83,我CNM 鸭,misogyny,misogyny,misogyny
458,用甄煨传的语气 表达 我在找工作,not-misogyny,not-misogyny,not-misogyny
1101,劝 婚姻不幸福的人 又来劝我早点成家了,misogyny,not-misogyny,not-misogyny
677,你的伟大在于 成为自己,not-misogyny,misogyny,not-misogyny
1635,人生开挂,not-misogyny,not-misogyny,not-misogyny
1233,女人就知道拜金,misogyny,misogyny,misogyny
1356,快乐时不必分心想起我 难过时请一定记得联系我,not-misogyny,not-misogyny,not-misogyny
437,那这些都是他的问题吗 有病的是他 让他明天 早点来找我,not-misogyny,misogyny,not-misogyny
771,我听见快乐在召唤！！,not-misogyny,not-misogyny,not-misogyny
870,没事哒，没事哒 没~事~哒！,not-misogyny,not-misogyny,not-misogyny
645,停止内耗！你是最棒的！ 先喝口淳茶舍冷萃茶RELAX一下 低温慢 沏 自然回甘 打工够苦了 冷萃茶不苦！我的打工mbt是：RELAX,not-misogyny,not-misogyny,not-misogyny
863,强,not-misogyny,not-misogyny,not-misogyny
1041,要早生小孩 生孩子！ 还不生小孩吗？ 早生早好 生二胎 快生小孩,misogyny,not-misogyny,misogyny
977,去你吗的,misogyny,misogyny,misogyny
1095,你现在不结婚 老了怎么办 按当地习俗办,misogyny,not-misogyny,misogyny
1348,小杂种 叫你妈逼,misogyny,misogyny,misogyny
1266,愿秋风 知我意 赐我十亿人民币,not-misogyny,not-misogyny,not-misogyny
1008,不结婚不对 结婚不生孩子不对 光生男孩不对 光生女孩不对 ENEN 听我说,misogyny,not-misogyny,misogyny
405,一个小孩太孤单了，再生一个有伴儿 我看他挺享受的,misogyny,not-misogyny,misogyny
1473,No2 女性太感性，不适合当领导？,misogyny,not-misogyny,misogyny
1108,一眨眼就到周一了 早知道不眨眼了,not-misogyny,not-misogyny,not-misogyny
1347,我不结 你们结 我没有爱的男人,misogyny,not-misogyny,misogyny
105,哎呦！ 你妈逼的！ 还敢还嘴！,misogyny,misogyny,misogyny
610,纯牛马,not-misogyny,not-misogyny,not-misogyny
1050,我只是个小孩子 别要求这么多嘛,not-misogyny,not-misogyny,not-misogyny
1135,周一好 不好也周一了,not-misogyny,not-misogyny,not-misogyny
689,找个有钱的老公 瘦才好看 白幼瘦 相夫教子 女人就是要会做饭 早点生孩子小南瓜大无脑 勤俭持家 染头发纹身一看就不是好女孩 女子无才便是德 理科不行 女的读这么多书有什么用 男阿姨 感性思维 穿这么性感不就是给我们看的吗 剩女 红颜祸水 月经 女孩子就要矜持 过了三十没人要 贤惠 条件差不多就行了 撒娇女人最好命 传宗接代 好嫁风,misogyny,misogyny,misogyny
1113,过年好！,not-misogyny,not-misogyny,not-misogyny
827,我错了 下次还敢,not-misogyny,not-misogyny,not-misogyny
63,父母 弟 田 扶弟,misogyny,not-misogyny,not-misogyny
853,我不是无路可走 我还有 死路一条,not-misogyny,not-misogyny,not-misogyny
1290,不开心,not-misogyny,not-misogyny,not-misogyny
224,不下牌桌,not-misogyny,not-misogyny,not-misogyny
146,老子最烦女人了,misogyny,misogyny,misogyny
374,成功女人第一步 已读不回,not-misogyny,misogyny,misogyny
1465,分来 分从四面八方来 分分分分,not-misogyny,not-misogyny,not-misogyny
1551,今天加班 虽然你上班早 但是你下班晚啊 LABOR DAY,not-misogyny,not-misogyny,not-misogyny
1271,到什么年龄做什么事，该结婚了就要结婚 到了死的年龄 就一定要去死吗？,misogyny,not-misogyny,not-misogyny
1365,小狗躺了下去,not-misogyny,not-misogyny,not-misogyny
1086,好棒！ 没有旷工,not-misogyny,not-misogyny,not-misogyny
10,真好笑 操你妈的,misogyny,misogyny,misogyny
450,哥哥这么久不理人家 一定很忙吧 我理解哥哥的,not-misogyny,not-misogyny,not-misogyny
709,教授： 最近essay有什么问题吗？ W 字数：0 没有问题,not-misogyny,not-misogyny,not-misogyny
256,可能是我太敏感 为难你了 总在意一些小事,not-misogyny,not-misogyny,not-misogyny
883,没事就多闻花香 比如 五花肉的香 *嗅嗅嗅,not-misogyny,not-misogyny,not-misogyny
390,就是想要贴贴嘛,not-misogyny,not-misogyny,not-misogyny
909,这是烤冷面 这是刀削面 这是你在我的心里面,not-misogyny,not-misogyny,not-misogyny
925,交论文咯～,not-misogyny,not-misogyny,not-misogyny
1454,小狗帮你测过了 菩萨会保佑你 你接下来的考试都会考神附体,not-misogyny,not-misogyny,not-misogyny
1056,对工作选择的刻板期待 你可曾听过 对育儿和家庭角色的习惯性分配 孩子需要妈妈的陪伴，你尽量别加班了 女人带孩子最有耐心，爸爸没这个天赋 妈妈牺牲一点也值得 既然选择当了妈妈，就要以家庭为重 女生还是选个安稳点的工作，将来更好兼顾家庭 技术类岗位太辛苦，女生不太适合 工作别太拼了，女生到了一定年龄就该考虑家庭了 你工作这么拼，未来家庭和事业能平衡吗？ 看见不平等,misogyny,misogyny,misogyny
461,白天吃兴奋剂都兴奋不起来 晚上吃安眠药都安眠不了,not-misogyny,not-misogyny,not-misogyny
1085,只要明天要早起 晚上就进入失眠模式,not-misogyny,misogyny,not-misogyny
959,再也不会生产阳光了,not-misogyny,not-misogyny,not-misogyny
502,打起精神,not-misogyny,not-misogyny,not-misogyny
740,我的头好痛 可能是知识渊博 要溢出来了,not-misogyny,misogyny,not-misogyny
1569,请雇我工作,not-misogyny,not-misogyny,not-misogyny
869,你说天天放假多好,not-misogyny,not-misogyny,not-misogyny
732,千万别接！！ 接了一定生男孩！！,misogyny,not-misogyny,not-misogyny
540,你不结婚我晚上都睡不着觉 刚好找个夜班上,misogyny,not-misogyny,misogyny
698,我的饮食原则 想吃什么就吃什么，至于后果 以后的事情以后再说,not-misogyny,not-misogyny,not-misogyny
1416,赶紧生个龙宝宝 已经生了猫宝宝。,misogyny,not-misogyny,misogyny
1170,在笨蛋也超级没关系 快乐的秘密！,not-misogyny,not-misogyny,not-misogyny
1032,我这个年纪 怎么会睡不着觉？,not-misogyny,not-misogyny,not-misogyny
373,儿子 女儿,misogyny,not-misogyny,misogyny
668,吃柠檬吧cnmb,misogyny,misogyny,misogyny
1300,有人说我脾气坏 好猴是另外的价钱,not-misogyny,not-misogyny,misogyny
358,被物化 表现：你有素颜照吗？ 你三围是多少 你身高有165吗,misogyny,not-misogyny,misogyny
968,窝操尼麻,misogyny,not-misogyny,not-misogyny
784,交给我你就操心吧 目光坚定 任务表,not-misogyny,not-misogyny,not-misogyny
736,枪枪复枪枪 枪枪何其多,not-misogyny,not-misogyny,not-misogyny
1036,只因为我是姐姐 我就被人“嫌弃” 不然为什么大家都叫妈妈快点追生男二胎呢？ 大家是不喜欢我吗 **家生了一个儿子 趁年轻快生二胎 我有一个求子秘方,misogyny,misogyny,misogyny
971,无爱即是神 No love is God,not-misogyny,not-misogyny,not-misogyny
1299,陛下何错之有？,not-misogyny,not-misogyny,not-misogyny
1264,呦吼,not-misogyny,not-misogyny,not-misogyny
1652,女性一生要承受的语言暴力 32岁： 生了小孩就该在家好好带娃，别想着出去工 作！ 33岁： 还有二胎的打算吗？我们觉得你生娃后空窗 期的这几年，与社会脱轨，无法达到我们公司的招人标准。 35岁： 男人在外赚钱，家务就该你们女人来做！ 46岁： 说够了没有，你现在跟个泼妇一样！ 48岁： 离过婚的女人都是二手货！ 55岁： 有完没完啊，我长大了不用你说，难怪你更年期！,misogyny,misogyny,misogyny
1444,老師您的心腹來啦,not-misogyny,not-misogyny,not-misogyny
1464,容貌焦虑 眼睛再大一点 A4腰 九头身 再瘦一点 高颅顶 脸再小一点 头包脸 巴掌脸 大眼睛 高鼻梁 腰再细一点 直角肩 天鹅颈 白幼瘦,misogyny,not-misogyny,misogyny
886,您都50了 怎么还没生二胎啊？,misogyny,misogyny,misogyny
80,姐今天下午生了一个儿子 姐非常开心，激动,misogyny,not-misogyny,not-misogyny
815,真的很喜欢周五 有种刑满释放的感觉,not-misogyny,not-misogyny,not-misogyny
1175,假猪套，我操你妈 听见没，操你妈,misogyny,misogyny,misogyny
672,不结婚？你不要命啦 不结婚上哪儿受气去,misogyny,not-misogyny,misogyny
1306,我房间里的WiFi信号,not-misogyny,not-misogyny,not-misogyny
58,再催 创死,not-misogyny,not-misogyny,not-misogyny
134,终于下班了,not-misogyny,not-misogyny,not-misogyny
934,蒂,not-misogyny,not-misogyny,not-misogyny
1436,好委屈 像是买份期待已久的薯条 却被海鸥 无情叼走的委屈,not-misogyny,not-misogyny,not-misogyny
824,老鼠药,not-misogyny,not-misogyny,not-misogyny
505,找工作视力表 钱 事少 离家近 不加班 双休 不打卡 下班不联系 老板、领导人好脸 交通便利办公环境 有年终奖加班有加班费餐补 公司规模行业前景 我的人生巅峰,not-misogyny,not-misogyny,not-misogyny
1510,以后你走你的独木桥 我吃我的过桥米线,not-misogyny,not-misogyny,not-misogyny
348,不生二胎 二胎生的不是男娃,misogyny,misogyny,misogyny
387,米饭帮我盛满谢,not-misogyny,not-misogyny,not-misogyny
1025,*店家推出买一送一活动 想让你找朋友或男/女 朋友一起来买 一个人爽喝两杯的我,not-misogyny,not-misogyny,not-misogyny
895,没事的 轻舟已撞大冰山,not-misogyny,not-misogyny,not-misogyny
829,再要个二胎吧 生男秘方,misogyny,misogyny,misogyny
1604,辣么凶干嘛 有话 好好说 操你妈的,misogyny,misogyny,misogyny
476,我也不是逼你，我确实喜欢孩子 去当月嫂，又有 孩子，还有钱,misogyny,not-misogyny,misogyny
1250,这是我的理想身材 天鹅颈 直角肩 蝴蝶背 蜜桃臀 A4腰 筷子腿 理想身材模版 但这不是我的身体,misogyny,not-misogyny,misogyny
1188,社会上的边角料 妈妈眼里的小骄傲,not-misogyny,not-misogyny,not-misogyny
653,以前的女生 女子无才便是德 早点嫁人,misogyny,misogyny,misogyny
173,你就为了这件事把我们叫出来？,not-misogyny,not-misogyny,not-misogyny
39,三十岁中年人 的疲惫,not-misogyny,not-misogyny,not-misogyny
714,我投递的简历 我收到的offer,not-misogyny,not-misogyny,not-misogyny
91,我不会下班的 我的工作永远做不完,not-misogyny,not-misogyny,not-misogyny
1644,耶嘿,not-misogyny,not-misogyny,not-misogyny
876,我的假期完了 我的人生也是,not-misogyny,not-misogyny,not-misogyny
1147,好冰想你说的话一样,not-misogyny,not-misogyny,not-misogyny
1094,眞受不了 女人實在是有够讨厌,misogyny,misogyny,misogyny
1158,他们说： 女的学这些 有什么意义？,misogyny,misogyny,misogyny
1662,愿秋风 知我意 赐我十亿人民币,not-misogyny,not-misogyny,not-misogyny
500,好厉害的傻逼！ 我先躲起来了,misogyny,not-misogyny,not-misogyny
339,泪水打湿猪脚饭 发誓要赚一百万,not-misogyny,not-misogyny,not-misogyny
29,你走吧 我对苦海有瘾 过不惯在蜜罐里泡着的日子,not-misogyny,not-misogyny,not-misogyny
1126,周一周一奄奄一息,not-misogyny,not-misogyny,not-misogyny
1545,想回家种地 因为玉米 不会半夜给我打电话 说他明天想结俩芒果,not-misogyny,not-misogyny,not-misogyny
946,拿一句去“调戏”哥哥,not-misogyny,not-misogyny,not-misogyny
170,加班一宿，精神抖擞,not-misogyny,not-misogyny,not-misogyny
913,兄弟如手足，女人如衣服,misogyny,not-misogyny,misogyny
492,谁说青春没有售价 惊爆价 9.99/h 原价： 10.99 我的青春限时特价,not-misogyny,not-misogyny,not-misogyny
954,三十五只羊 一只羊 四只羊 九只羊 两只羊 五十只羊 三只羊 六只羊 五只羊 二十只羊 八十只羊 七只羊 八只羊 九十五只羊,not-misogyny,not-misogyny,not-misogyny
1098,你不喜欢过年？ 不是不喜欢过年,not-misogyny,not-misogyny,not-misogyny
1033,给您赔个笑脸 笑了就不能打我了哦 生活 因为伸手不打笑脸狗,not-misogyny,not-misogyny,not-misogyny
588,我一听到“上班”两字就头疼,not-misogyny,not-misogyny,not-misogyny
751,我一定行！,not-misogyny,not-misogyny,not-misogyny
658,下班了 今天的苦就先吃到这里,not-misogyny,not-misogyny,not-misogyny
235,委屈我有什么好委屈的 这一切都是我自作孽啦,not-misogyny,not-misogyny,not-misogyny
733,和别的女生说话 扣20分,not-misogyny,misogyny,not-misogyny
1474,请雇我工作,not-misogyny,not-misogyny,not-misogyny
1387,逼大龄职场女人拼二胎 你们好歹毒的心肠啊,misogyny,misogyny,misogyny
935,生活试图把我绊倒 发现我早已躺下,not-misogyny,not-misogyny,not-misogyny
1066,对对对 您说的都对,not-misogyny,not-misogyny,not-misogyny
109,确认过眼神 是过年还要加班的人 Thursday,not-misogyny,not-misogyny,not-misogyny
1315,公主请把他们豆沙了 sha sha sha sha sha sha,not-misogyny,not-misogyny,not-misogyny
569,开始等过年,not-misogyny,not-misogyny,not-misogyny
891,使不得使不得啊,not-misogyny,not-misogyny,not-misogyny
948,兄弟如手足，女人如衣服,misogyny,not-misogyny,misogyny
1049,刚去苗疆学了下蛊 哥哥你逃不掉了厚,not-misogyny,not-misogyny,not-misogyny
1450,你妈个逼,misogyny,misogyny,misogyny
1165,很喜欢这种勉强又坚持的感觉,not-misogyny,not-misogyny,not-misogyny
1230,让我托福过100,not-misogyny,not-misogyny,not-misogyny
885,不用客气 这是你应该谢的,not-misogyny,not-misogyny,not-misogyny
1472,调休给我的感受就像： 太挤了！我好累！ 放心，我制定了非常详细的放松方案 发明调休的人,not-misogyny,not-misogyny,not-misogyny
851,她在书写自己的历史Herstory,not-misogyny,not-misogyny,not-misogyny
735,祝我们永远鲜活,not-misogyny,not-misogyny,not-misogyny
718,水一生命之源 带给人无尽的小便,not-misogyny,not-misogyny,not-misogyny
455,这都看不出吗！ 我没有生气呀,not-misogyny,not-misogyny,not-misogyny
265,结婚那么好还用催吗？ 钱掉地上我不知道捡吗,misogyny,not-misogyny,not-misogyny
76,女性刻板印象 TOP5 女性更适合做家务？ NONONO 女性都是马路杀手？ NONO 女性不适合学理科？ NONO 女性不适合当领导？,misogyny,misogyny,misogyny
445,好茶,not-misogyny,not-misogyny,not-misogyny
396,请不要给我东西吃 我很极端 没有一点自制力 喂一点东西我就暴饮暴食5田 把胃涨的大大的 满脑子全是要莎了你！,not-misogyny,not-misogyny,not-misogyny
177,没人可以這樣對我話 除了是給我薪水的那個人，謝謝,not-misogyny,not-misogyny,not-misogyny
1043,呵 姐就看看 你能放出什么好屁,not-misogyny,not-misogyny,not-misogyny
1499,你不结婚到底在怕什么？ 我怕我出轨,misogyny,not-misogyny,not-misogyny
1191,然而事实是 你和晚霞一样耀眼,not-misogyny,not-misogyny,not-misogyny
1173,你很牛嘛 放下你的身段,not-misogyny,not-misogyny,misogyny
596,有必要的话 我就钱债肉偿,not-misogyny,not-misogyny,not-misogyny
62,结婚都不需要户口本了 门槛这么低的证 能是啥好证,misogyny,not-misogyny,misogyny
873,你不结婚我都抬不起头 正好低着头走路,misogyny,not-misogyny,misogyny
1524,这是什么绝世小可爱,not-misogyny,not-misogyny,not-misogyny
1594,无所谓，也有点累,not-misogyny,not-misogyny,not-misogyny
279,那些刻板印象 外貌审视 好黑 好胖 就这身材还敢裙子呢 你算什么， 轮得到你说,misogyny,misogyny,misogyny
37,不结婚你伺候谁一家老小去 不结婚 你给谁洗衣做饭,misogyny,misogyny,misogyny
663,牛马的命也是命！,not-misogyny,not-misogyny,not-misogyny
1534,没事的 轻舟已经后空翻,not-misogyny,not-misogyny,not-misogyny
1228,乖乖，我娃多吃些！,misogyny,not-misogyny,not-misogyny
978,不要了不要了 可以放兜里,not-misogyny,not-misogyny,not-misogyny
1340,暴雨天 牛会躲窝里 马会住棚里跑 牛马 会想尽办法出门上班,not-misogyny,not-misogyny,not-misogyny
739,在普通的目子里 睡大觉,not-misogyny,not-misogyny,not-misogyny
192,说我态度有问题 你占理他在挑刺,not-misogyny,not-misogyny,not-misogyny
920,还是那句话：我真的很不错,not-misogyny,not-misogyny,not-misogyny
457,男的来了,not-misogyny,not-misogyny,not-misogyny
676,你不要过来啊 论文,not-misogyny,not-misogyny,not-misogyny
761,快乐的步伐,not-misogyny,not-misogyny,not-misogyny
1535,在做了 再催你来做,not-misogyny,not-misogyny,not-misogyny
729,你好 美丽的女士,not-misogyny,not-misogyny,not-misogyny
413,生活试图置我低谷 发现我爱低价谷,not-misogyny,not-misogyny,not-misogyny
1099,过年好,not-misogyny,not-misogyny,not-misogyny
826,大雨向下 祝全世界女人 女人向上,not-misogyny,misogyny,not-misogyny
617,这一生敢爱敢恨 唯独不敢量体重,not-misogyny,not-misogyny,misogyny
115,我愿意和你在一起 哪怕。。。 是以蟑螂的身份,not-misogyny,not-misogyny,not-misogyny
418,一点点开心 小开心 哇～ 大开心！ 超级无敌开心！,not-misogyny,not-misogyny,not-misogyny
1619,你忙吧NMB,misogyny,misogyny,misogyny
970,有空咱们一起去吃鱼吧 看你挺会挑刺,not-misogyny,not-misogyny,not-misogyny
605,别和体重斤斤计较 吃得开心最重要,not-misogyny,not-misogyny,not-misogyny
1626,精力充沛,not-misogyny,not-misogyny,not-misogyny
90,听我解柿,not-misogyny,not-misogyny,not-misogyny
849,生个男孩 再生一个,misogyny,misogyny,misogyny
1605,操你妈 speak your mother,misogyny,misogyny,misogyny
1625,让我看看是谁放假了 哦！是我自己！,not-misogyny,not-misogyny,not-misogyny
754,好吃。,not-misogyny,not-misogyny,not-misogyny
499,求你了 我也要急哭了啦 就放过我这一次吧 好不好嘛T^T 别催了别催了 马上,not-misogyny,misogyny,not-misogyny
12,烂又如何呢 从茄煲饭的角度说 越烂不是越美味吗,not-misogyny,not-misogyny,not-misogyny
397,想我这种粘人的小宝宝 受到一丝一毫的冷落 心都会碎掉,not-misogyny,not-misogyny,not-misogyny
285,不去了 我还要学习,not-misogyny,not-misogyny,not-misogyny
1067,工作再忙 也不要忘记摸鱼哦 来瓶冷萃茶，班味散去 我的打工mbti是：FISH,not-misogyny,not-misogyny,not-misogyny
1192,下班啦 还有谁能管我！ 还有谁能管我！,not-misogyny,not-misogyny,not-misogyny
691,怎么还不生孩子？ 应届生没经验,misogyny,misogyny,misogyny
1390,找对象了吗？,misogyny,not-misogyny,not-misogyny
1653,已老实 求放过,not-misogyny,not-misogyny,not-misogyny
690,这次指定能瘦,not-misogyny,not-misogyny,not-misogyny
852,不生孩子将来病了怎么办 孩子将来时能当药吗,misogyny,not-misogyny,misogyny
160,我不管 就要粘着哥哥嘛,not-misogyny,not-misogyny,not-misogyny
896,说我不懂事 是因为我没听你的话,misogyny,misogyny,not-misogyny
1344,你不结婚，我头都抬不起来 那咱就低头走路,misogyny,not-misogyny,misogyny
258,对我有欲望也是人之常情,not-misogyny,not-misogyny,not-misogyny
336,工作都Do了吗 微Do Do的不多 40%吧,not-misogyny,not-misogyny,not-misogyny
1595,小猫往大爷碗里放蟑螂说是枣,not-misogyny,not-misogyny,not-misogyny
1040,我的父母: 你不生孩子，老了谁照顾你? 我：,misogyny,not-misogyny,misogyny
516,哈哈！又到了听这小子 瞎胡扯的时间了,not-misogyny,not-misogyny,not-misogyny
1016,短小精悍 怼人怼到他无语,not-misogyny,not-misogyny,not-misogyny
769,我明白了 你想当我女人,not-misogyny,not-misogyny,misogyny
1488,为甚么这么一个美女 会喜欢这样的一滩屎呢？,not-misogyny,misogyny,misogyny
762,社会上很多 女人都是骗子 社会上很多女人都是骗子,misogyny,misogyny,misogyny
1204,你不结婚生孩子 以后老了死了都没人给你烧纸 那不可能，我有手有脚，可以在下面打工,misogyny,not-misogyny,not-misogyny
1247,再生一胎，两个孩子不孤单,misogyny,not-misogyny,not-misogyny
1685,不生孩子将来病了怎么办 What should I do if l get sick in the future if I dont have a child 孩子是治疗我的特效药吗 Is the child the effective medicine for treating me,misogyny,not-misogyny,not-misogyny
522,拜托拜托～,not-misogyny,not-misogyny,not-misogyny
23,我发柿,not-misogyny,not-misogyny,not-misogyny
357,假期里长的肉 用加班瘦回去,not-misogyny,not-misogyny,not-misogyny
1498,放假啦！！！！！,not-misogyny,not-misogyny,not-misogyny
341,？给你妈两筒子，cnmd,misogyny,misogyny,misogyny
432,你现在不结婚 老了怎么办 无所谓，我活不到老,misogyny,misogyny,not-misogyny
474,在做了 再催你自己做,not-misogyny,not-misogyny,not-misogyny
218,不生二胎 不旺夫 不伺候老公 不孝敬公婆,misogyny,not-misogyny,misogyny
912,生胖气,not-misogyny,not-misogyny,not-misogyny
1361,闭上双眼你最挂念谁,not-misogyny,not-misogyny,not-misogyny
1012,你不要小孩 你死了谁记得你呀 你还记得你太奶奶叫什么吗,misogyny,misogyny,misogyny
1655,走 和哥私奔 （牵手,not-misogyny,not-misogyny,not-misogyny
94,最重要的就是天天要加班 人生才有意义,not-misogyny,not-misogyny,not-misogyny
1009,不要哭，我最亲爱的人 时空是个圆圈 直行或是转弯我们最终都会相见,not-misogyny,not-misogyny,not-misogyny
1071,为什么不生孩子？ 我一肚子坏水 生不了 怕给孩子淹死,misogyny,not-misogyny,not-misogyny
1093,很喜欢放假 有种刑满释放的感觉 开朗 阳光 小红书,not-misogyny,not-misogyny,not-misogyny
697,当女友结束了与男友的争执 男友：好啦...对不起啦... 女友：,not-misogyny,misogyny,misogyny
1578,不生孩子老了谁养你 不养孩子我会省下一笔巨额财产,misogyny,misogyny,misogyny
997,我操你妈,misogyny,misogyny,misogyny
154,睡大觉 睡大觉 睡大觉 我又不是勤劳的小蜜蜂,not-misogyny,not-misogyny,not-misogyny
1100,加班这件事就像爱情,not-misogyny,not-misogyny,not-misogyny
1467,我宇宙无敌超级爱你,not-misogyny,not-misogyny,not-misogyny
1698,我当然不怪哥哥 只怪自己 抓不住哥哥的heart,not-misogyny,not-misogyny,not-misogyny
790,挨骂？易如反掌,not-misogyny,misogyny,not-misogyny
581,没关系 打开简历已经很厉害了,not-misogyny,not-misogyny,not-misogyny
704,双数很好很吉利 所以我的双下巴 一定会常来好运,not-misogyny,not-misogyny,not-misogyny
1213,催什么催 活不到明天了吗？,not-misogyny,not-misogyny,not-misogyny
1421,其他人：你以后不生孩子 等你老了谁照顾你？ 我：妈妈快吃吧,misogyny,misogyny,misogyny
488,不结婚父母老了怎么办？ 不放心就把我也一起带走吧,misogyny,not-misogyny,misogyny
560,周六上班 坐立难安 周六要补周二的班 为什么不周二补周六的班,not-misogyny,not-misogyny,not-misogyny
1142,我有什么缺点你尽管说 我放大给你看,not-misogyny,not-misogyny,not-misogyny
1120,加班手牵手 谁都别想走,not-misogyny,not-misogyny,not-misogyny
802,你好 我在上班路上,not-misogyny,not-misogyny,not-misogyny
513,你把油放锅里 看看油溅还是你贱,misogyny,not-misogyny,not-misogyny
634,天天好吃懒做的，就知道花钱 结婚还化啥妆，想勾引谁？,misogyny,not-misogyny,misogyny
1256,你是高层，你自己决定,not-misogyny,not-misogyny,not-misogyny
1519,女人会独立 闪耀又美丽,not-misogyny,not-misogyny,not-misogyny
1151,光顾着上班 忘记上吊了 来杯「红气石榴草莓！ 一键复活！,not-misogyny,not-misogyny,not-misogyny
791,红包呢 别逼我跪下拜年,not-misogyny,not-misogyny,not-misogyny
117,2025 新年快乐 新年如意 柿柿如意,not-misogyny,not-misogyny,not-misogyny
741,喜欢会发光的男孩 比如财神和如来,not-misogyny,not-misogyny,not-misogyny
1082,给您拜个早年 恭喜发财 要红包 谢谢您 新的一年祝您暴富 我没钱了 要大红包,not-misogyny,not-misogyny,not-misogyny
831,调休 中国人自己的时光机,not-misogyny,not-misogyny,not-misogyny
120,不知死活的臭女人,misogyny,misogyny,not-misogyny
657,我踏马吃吃吃,not-misogyny,not-misogyny,not-misogyny
1616,早上：鸡蛋 中午：黄瓜 晚上： 黄河以南的牛烩长江以北的羊,not-misogyny,not-misogyny,not-misogyny
636,想我了就来大草原找我 我当牛马了,not-misogyny,misogyny,not-misogyny
370,你只管生 生后我帮你带,misogyny,misogyny,misogyny
269,你不生，以后下去了都没人给你烧纸 你再说，你下去了，我也不给你烧,misogyny,misogyny,misogyny
656,没事就多自我提高 比如 多吃马蹄糕,not-misogyny,not-misogyny,not-misogyny
936,你可以的 你是棒棒的小汪汪,not-misogyny,not-misogyny,not-misogyny
823,早上：不吃 中午：不吃 晚上： 货拉拉车队正在为您送餐,not-misogyny,not-misogyny,not-misogyny
867,我宣布下班,not-misogyny,not-misogyny,not-misogyny
47,姐可以，姐能行 姐就是聪明美丽奋斗批,not-misogyny,not-misogyny,not-misogyny
1457,星期二 求死day 星期三 未死day,not-misogyny,not-misogyny,not-misogyny
992,夫妻本是同林乌 作业来时爸爸飞 — —《中国妈妈带娃图鉴》,misogyny,not-misogyny,misogyny
877,周五周五 敲锣打鼓,not-misogyny,not-misogyny,not-misogyny
774,你的假期比较松弛 但是呢 你的调休又弥补了这一部分,not-misogyny,not-misogyny,not-misogyny
1220,贤惠 他说：感觉你以后会是那种贤妻良母 你真贤惠，什么时候能吃到你做的饭 如果我们在一起，你一定能代替我妈照顾好我,misogyny,misogyny,not-misogyny
1700,你在克制对我的喜欢是吧,not-misogyny,not-misogyny,misogyny
5,成功女人第五步 他拽就要甩,not-misogyny,not-misogyny,misogyny
1004,打劫！,not-misogyny,not-misogyny,not-misogyny
1470,送你两个大字 傻逼,misogyny,not-misogyny,not-misogyny
264,救救我 热鼠了热鼠了～,not-misogyny,not-misogyny,not-misogyny
1670,女子 好！,not-misogyny,not-misogyny,not-misogyny
1554,我在笑呀,not-misogyny,not-misogyny,not-misogyny
444,斗志昂扬 准备去打工,not-misogyny,not-misogyny,not-misogyny
1003,我还想抱孙子呢！ 我可以教你爷爷/奶奶,misogyny,not-misogyny,misogyny
1078,你没老公老了 生病怎么办 咋的，老男人是药引？,misogyny,misogyny,misogyny
838,调休给我的感受就想：太挤了！我好累！ 放心，我制定了非常详细的放松方案 发明调休的人,not-misogyny,not-misogyny,not-misogyny
1521,读研不是因为我好学 而是因为我 贱,not-misogyny,not-misogyny,not-misogyny
305,欺骗餐,not-misogyny,not-misogyny,not-misogyny
1327,活力十足,not-misogyny,not-misogyny,not-misogyny
314,我的心里只有学习,not-misogyny,not-misogyny,not-misogyny
150,轻断食 轻轻的咬断食物,not-misogyny,not-misogyny,not-misogyny
1149,年后再说,not-misogyny,not-misogyny,not-misogyny
1214,你怎么还不结婚？ 没钱，要不你借我点？,misogyny,not-misogyny,misogyny
575,你妈逼你结婚了 NMB you mary le ma,misogyny,misogyny,misogyny
51,希望 好运 健康 平安 快乐 暴富 顺利 都鼠于你,not-misogyny,not-misogyny,not-misogyny
1323,我爱自己的任何样子 永远值得好好爱自己,not-misogyny,not-misogyny,not-misogyny
727,命缩力 形容看起来没有什么生命力 浑身虚弱没劲的样子,not-misogyny,not-misogyny,not-misogyny
834,你不行谁行,not-misogyny,not-misogyny,not-misogyny
1116,你就是比别人好 友谊永恒卡 至少在我这是,not-misogyny,not-misogyny,not-misogyny
1167,我不困啊 我精神抖擞,not-misogyny,not-misogyny,not-misogyny
471,调休的5大好处 砖家,not-misogyny,not-misogyny,not-misogyny
972,女的最行,not-misogyny,not-misogyny,not-misogyny
654,这是ok小狗 看到它OK 接下来的所有考试都会很ok,not-misogyny,not-misogyny,not-misogyny
400,SB ZZ QNM NC FK CNM NMB RNM MMP,misogyny,misogyny,misogyny
512,你最好关嘴,not-misogyny,not-misogyny,not-misogyny
321,小狗知道你很努力 所以小狗知道你一定会成功,not-misogyny,not-misogyny,not-misogyny
20,没关系，你只是脑子有点毛病，问题不大,not-misogyny,not-misogyny,not-misogyny
685,祝你生八个儿子,misogyny,not-misogyny,not-misogyny
36,别人结婚时你在想什么 在想什么时候上菜,misogyny,not-misogyny,not-misogyny
903,不可能考不好 因为我是中国人,not-misogyny,not-misogyny,not-misogyny
828,不是我说 论老公 还是纸片的好哪,not-misogyny,not-misogyny,misogyny
1526,说我脾气不好 是因为我没顺着你,misogyny,misogyny,not-misogyny
408,女人都是祸害,misogyny,misogyny,misogyny
921,我憋不住月经 我不检点 生不了 我得了绝症 近视眼 生不了,misogyny,not-misogyny,misogyny
538,可以滚吗？,not-misogyny,not-misogyny,misogyny
759,NMB 你忙吧,misogyny,misogyny,misogyny
1063,和你在一起真好,not-misogyny,not-misogyny,not-misogyny
1200,领导我身体有点舒服 想请几天假再舒服舒服,not-misogyny,not-misogyny,misogyny
246,曾经我也心疼别人 后来喝中药调理好了,not-misogyny,not-misogyny,misogyny
1128,女性一生要承受的语言暴力 4岁：如果你妈头胎生的是男孩，就不会生你了！ 8岁：这是男孩子才玩的，女孩子打什么篮球！ 10岁：你好脏了，裤子都是血！ 16岁：你是“奶牛”吗，跑起来和别人不一样！ 18岁：不好好学习天天就在瞎打扮，搔首弄姿！ 19岁：打游戏不要带女的，太菜了！ 20岁：你怎么这么娇气，喝点红糖水就好了！ 21岁：倒车入库都学不会，你们女学员真难教！,misogyny,misogyny,misogyny
785,我应届生没经验，不会生 生孩子啊，老师好像没教,misogyny,misogyny,misogyny
490,你是电 你是光 你是唯一的神话,not-misogyny,not-misogyny,not-misogyny
155,你不会生气了吧 我开玩笑哒,not-misogyny,not-misogyny,not-misogyny
962,嗯嗯嗯 是是是 您也太厉害啦,not-misogyny,not-misogyny,not-misogyny
854,一把子坠入爱河了晕 这小子对我下蛊了吧,not-misogyny,not-misogyny,not-misogyny
1312,没事就多打滚 比如 看看驴打滚,not-misogyny,not-misogyny,not-misogyny
626,老大不小了，再晚点生完就不好恢复了！ 不生我恢复个啥,misogyny,not-misogyny,misogyny
686,你参加婚礼不会有想结婚的念头吗？ 难道你参加别人的葬礼 会有想死的念头吗？,misogyny,not-misogyny,not-misogyny
570,你一定能考上,not-misogyny,not-misogyny,not-misogyny
1617,没柿,not-misogyny,not-misogyny,not-misogyny
18,他们说： 车开成这样 一定是女司机吧,misogyny,misogyny,misogyny
128,重点 重点 知识 知识 重点 重点 知识,not-misogyny,not-misogyny,not-misogyny
1280,还是那句话：地球没有不行,not-misogyny,not-misogyny,not-misogyny
1672,大哥大姐过年好,not-misogyny,not-misogyny,not-misogyny
928,大事化小笼包,not-misogyny,not-misogyny,not-misogyny
981,身体Sn元素开始作怪 S-Stupid n-脑萎缩,not-misogyny,not-misogyny,not-misogyny
1668,干你妈 傻b，操你妈,misogyny,misogyny,misogyny
191,红包拿来 抢,not-misogyny,not-misogyny,not-misogyny
1140,大人向上 大雨向下,not-misogyny,not-misogyny,not-misogyny
993,胖罐子胖摔,not-misogyny,not-misogyny,not-misogyny
1660,我们总会被生活中一些人惹恼 现在有一 退火良方： 陈皮4.5g 半夏3g 甘草0.9g 茯苓3g 三碗水大火熬成一碗 然后趁热泼到对方身上,not-misogyny,not-misogyny,not-misogyny
1621,重男轻女,misogyny,misogyny,misogyny
607,由衷盼望 世上每一位女性都可以怀抱更远大、更无限的梦想。,not-misogyny,not-misogyny,not-misogyny
181,撒娇娇,not-misogyny,not-misogyny,not-misogyny
302,好笑 又在装了,not-misogyny,not-misogyny,not-misogyny
497,知道谁的潜力最大吗 就是你,not-misogyny,not-misogyny,not-misogyny
1458,备忘录 完成 留子的四大归宿 健身房肌肉怪 夜店咖 手里有个冰冰凉的啤酒 比什么都重要 恋爱舔狗 别走好吗 学术奴隶 流下痛苦的泪水 在改了真的在改了,not-misogyny,not-misogyny,not-misogyny
1417,为什么要对我重拳出击 我好脆弱啊 我又不是打拳的,not-misogyny,not-misogyny,not-misogyny
1686,地球旋转我吃饭,not-misogyny,not-misogyny,not-misogyny
518,失业了找不到工作怎么办 找工作 没关系你还有五条路可走,not-misogyny,not-misogyny,not-misogyny
1070,一日未脱贫 工作不能停,not-misogyny,not-misogyny,not-misogyny
477,掏... 掏枪枪 上膛... 操你妈逼！,misogyny,misogyny,misogyny
158,冒味问一下 你忙完了吗？ 可以陪陪你的小宝贝吗 我在一旁都快被晾干了,not-misogyny,not-misogyny,not-misogyny
1244,大家好 我是脏话熊猫 我操你妈逼,misogyny,misogyny,misogyny
1196,只有通宵加班的人 才懂第一缕阳光的美,not-misogyny,not-misogyny,not-misogyny
17,我究竟再干嘛 社畜 底层 韭菜 干着一份想死的工作 目的竟然是为了谋生,not-misogyny,not-misogyny,not-misogyny
1073,一手抓考研一手抓考公一手抓考编 一手抓找工作一手抓自媒体,not-misogyny,not-misogyny,not-misogyny
1675,很奇怪，每次我说想养小狗 长辈们就会劝我 你才多大先把自己照顾好再说 你养得起吗 小狗也是一条生命你要想清楚 你有能力对它负责吗 让我生小孩的时候却从来没人这么说,misogyny,not-misogyny,not-misogyny
547,我警告你，你不要警告我,not-misogyny,not-misogyny,not-misogyny
659,朕是天子！,not-misogyny,not-misogyny,not-misogyny
1385,父母：等你结婚了我们就安心了 我：你安的什么心？,misogyny,not-misogyny,misogyny
1020,钱途无量,not-misogyny,not-misogyny,not-misogyny
1418,我翘李妈,misogyny,not-misogyny,not-misogyny
960,下班了！,not-misogyny,not-misogyny,not-misogyny
1597,加油！是西红柿总会发光的！,not-misogyny,not-misogyny,not-misogyny
284,Nol 女性不适合学理科？,misogyny,misogyny,misogyny
798,这一点都不女孩子！ 适合学文科 文静柔弱 乖巧可爱 小鸟胃 爱喝小甜酒 贤惠持家 很感性 女司机,misogyny,misogyny,misogyny
1386,红尘琐事 老衲早已无牵挂 再漂亮的腿也只是一副炮架 再好看的胸也只是一对扶手罢了,misogyny,misogyny,misogyny
226,我错了老公,not-misogyny,misogyny,misogyny
27,催婚 就是一场精神谋杀 只要你想，什么时候都不晚 和我一起，找到自己，活在当下——袁先生的精神世界,misogyny,not-misogyny,not-misogyny
1506,你不结婚我们 走了你咋办 要不把我也带走？,misogyny,not-misogyny,not-misogyny
438,早上：蛋白一个 中午：蛋黄一个 晚上：爆炒侏罗纪,not-misogyny,not-misogyny,not-misogyny
1654,不是敏感而是、敏锐,not-misogyny,not-misogyny,not-misogyny
230,孩子还希望你多抽点时间陪陪他 社会提倡女性要经济独立 国家提倡你要生二胎三胎 ENEN 听我说,misogyny,not-misogyny,not-misogyny
38,接男宝啦 接了一定有 #接男宝,misogyny,misogyny,not-misogyny
750,生活试图予我坎坷 发现我是跨栏冠军,not-misogyny,not-misogyny,not-misogyny
1046,我为什么胖啊 是心里有事难瘦,not-misogyny,not-misogyny,not-misogyny
470,那些刻板印象 所谓事业型女性 这么强 谁能hold得住你 女生这么拼干嘛 女人应该在家相夫教子 @懒懒羊的日常,misogyny,misogyny,misogyny
1443,活着其实很好 再吃一颗苹果,not-misogyny,not-misogyny,not-misogyny
1671,今天和老婆干啥好呢,not-misogyny,misogyny,misogyny
688,你把油放锅里 看看油溅还是你贱,misogyny,not-misogyny,not-misogyny
1563,看到别人结婚你都没想法？ 有啊，我想快点上菜,misogyny,not-misogyny,not-misogyny
640,社恐，怕和孩子见面 我得了绝症 近视眼 生不了！,misogyny,not-misogyny,not-misogyny
1461,爱吃的人运气不会差 因为 食来运转,not-misogyny,not-misogyny,not-misogyny
1219,我恭喜你发财 我恭喜你精彩,not-misogyny,not-misogyny,not-misogyny
1159,女人不是好东西 一个个都是骗子,misogyny,misogyny,misogyny
1484,钱虽然没挣着，倒也没白干 起码累着了 ￥0.03 我的打工mbti是：POOR,not-misogyny,not-misogyny,not-misogyny
1301,This is true music这才是真正的音乐,not-misogyny,not-misogyny,not-misogyny
1547,我的父母：你以后不生孩子 等你老了谁照顾你？ 妈妈 我： 喝酒,misogyny,not-misogyny,misogyny
801,你不生孩子 人类灭绝了怎么办 恐龙也生孩子 但恐龙灭绝了,misogyny,not-misogyny,not-misogyny
161,好事奖励我 坏事渡我 凡事发生必有利于我,not-misogyny,not-misogyny,not-misogyny
957,跟老公加亲戚关系不好 花钱大手大脚,misogyny,misogyny,not-misogyny
1187,你瞅瞅多牛逼啊,not-misogyny,not-misogyny,not-misogyny
822,竭诚为您服务！,not-misogyny,not-misogyny,not-misogyny
1434,您 行,not-misogyny,not-misogyny,not-misogyny
878,那怎么办嘛？ 人家就是喜欢贴贴 那报警吧 猪猪 把我这个粘人精抓起来,not-misogyny,not-misogyny,not-misogyny
914,哈哈哈嘎嘎 这一天天 给一些幽默网友笑死,not-misogyny,not-misogyny,not-misogyny
153,我吗？ 我笨笨嘟,not-misogyny,not-misogyny,not-misogyny
1558,各国留学生图鉴 美国留学生 我还有事 我先走了 考不完的试 做不完的project 熬不完的大夜 又有案，习惯了,not-misogyny,not-misogyny,not-misogyny
510,我一天不能够认识太多的字 背了十分钟单词的你,not-misogyny,not-misogyny,not-misogyny
1136,什么博士硕士 老娘可是女士,not-misogyny,misogyny,misogyny
1251,我最讨厌女人了,misogyny,misogyny,misogyny
1419,回家洗手，钱财就有,not-misogyny,not-misogyny,not-misogyny
104,打两小时羽毛球 晚上炒饭红烧肉,not-misogyny,not-misogyny,not-misogyny
587,书你不读 逼你梦装,misogyny,not-misogyny,not-misogyny
1504,为什么只吃了一顿饭就这么胖了,not-misogyny,not-misogyny,not-misogyny
1144,哎～ 女儿 父亲 儿子,misogyny,misogyny,misogyny
54,你很会下厨吧 看你挺会添油加醋的,not-misogyny,not-misogyny,not-misogyny
152,感到蕉绿,not-misogyny,not-misogyny,not-misogyny
404,皇上今天是选秀女 充实他自己的后宫 繁衍子嗣 不是考状元 问学问的 女子无才便是德,misogyny,misogyny,misogyny
1649,还不来和我睡觉觉吗 老婆,not-misogyny,not-misogyny,not-misogyny
208,女性不是盘中肉 而是空中鹰 山中虎 水中龙,not-misogyny,not-misogyny,not-misogyny
1606,年后再说,not-misogyny,not-misogyny,not-misogyny
1123,你瘦了吗 预瘦,not-misogyny,not-misogyny,not-misogyny
1490,西八,misogyny,not-misogyny,not-misogyny
9,身体好,not-misogyny,not-misogyny,not-misogyny
1015,人人都不看好我 偏偏我也不争气,not-misogyny,misogyny,not-misogyny
1525,亲爱的导师啊 写不出论文我有罪 退一万步讲你当初收我 眼光就没问题吗,not-misogyny,not-misogyny,misogyny
1061,不愧是我,not-misogyny,not-misogyny,not-misogyny
453,炫了各种零食准备入睡 猛然睁开 我真他妈该死啊,not-misogyny,not-misogyny,not-misogyny
254,他们说：不要 高学历 无理取闹 头发这么短像男人 妆化太浓 太有事业心 情绪不稳定 去喝酒 太胖 吃太多 打扮的花枝招展 要平衡事业与家庭 穿衣暴露 哭哭啼啼 女汉子 晚上还出门 学理科 高学历,misogyny,misogyny,misogyny
1328,真是令人不适,not-misogyny,misogyny,misogyny
897,女人不是好东西 一个个都是骗子,misogyny,misogyny,misogyny
1478,没孩子我在别人面前都抬不起头 低头耽误你走路啊？,misogyny,not-misogyny,misogyny
881,现在连粗盐都比尊严贵,not-misogyny,not-misogyny,not-misogyny
1601,健康的作息固然健康 但玩命的熬夜实在精彩,not-misogyny,not-misogyny,not-misogyny
624,给大宝添个伴儿,misogyny,not-misogyny,misogyny
346,他们说： 你这么会做饭 以后一定会是个好妻子,misogyny,misogyny,misogyny
1453,老子最讨厌女人了，滚！,misogyny,misogyny,misogyny
263,今天多一分拼搏 明天多八个男模,not-misogyny,not-misogyny,misogyny
1322,日子平淡，好在我喜欢,not-misogyny,not-misogyny,not-misogyny
151,太woman了! 太Woman了I 太woman了! 太woman了! @东亚女孩野生实验,not-misogyny,not-misogyny,not-misogyny
473,锁骨明显 胸大 S腰 胯宽,misogyny,misogyny,misogyny
641,我念叨什么就会来什么 宇宙最宠我,not-misogyny,not-misogyny,not-misogyny
1684,西八,misogyny,not-misogyny,not-misogyny
1598,你现在不结婚 老了怎么办 我的猫会照顾我,misogyny,not-misogyny,not-misogyny
551,研究表明： 该物质成分为 男人骨子里的傲慢,not-misogyny,not-misogyny,not-misogyny
929,为什么要拿得起放得下 55555 I miss 它 very much 我又不是举重的,not-misogyny,not-misogyny,not-misogyny
489,当你洗澡唱歌时 你以为的： 天籁之音 悦耳动听 爱了爱了 我只能永远读着,not-misogyny,not-misogyny,not-misogyny
1539,挺那个的...,not-misogyny,not-misogyny,not-misogyny
1172,没有老伴，以后生病了怎么办？ 怎么？ 老伴是药引吗？,misogyny,not-misogyny,misogyny
147,心疼的抱紧自己,not-misogyny,not-misogyny,not-misogyny
1636,放假啦 放假啦 放假啦 放假啦 放假啦,not-misogyny,not-misogyny,not-misogyny
403,嘻嘻,not-misogyny,not-misogyny,not-misogyny
955,欧吼！,not-misogyny,not-misogyny,not-misogyny
1593,今天犯点什么坏好呢,not-misogyny,not-misogyny,not-misogyny
660,你的假期比较松弛，但是呢，你的调休又弥补了这一部分。,not-misogyny,not-misogyny,not-misogyny
1373,王者把把输 恋爱回回哭 宝宝心里苦 吃个夜宵还被怼小肥猪,not-misogyny,not-misogyny,misogyny
464,逢考必过符 题目都会做的都对 考神护体 高分到手拿证无忧,not-misogyny,not-misogyny,not-misogyny
1350,你属什么的 属兔,not-misogyny,not-misogyny,not-misogyny
187,皇家公主千金范 T台模特有国际范 工位的我有劳改范,not-misogyny,not-misogyny,not-misogyny
1148,我也想睡觉，可是睡不着,not-misogyny,not-misogyny,not-misogyny
1225,“疯”女人 他说：她简直疯了，当时发生的事完全不是她说的那样。 有必要为这点小事闹这么大吗？未免也太敏感和脆弱了吧。 她说话总是前言不搭后语的，不可信。 她患有抑郁症，精神多少有点问题。,misogyny,misogyny,misogyny
609,小狗还有猫咪 长辈还有老师 都看不出我的心事,not-misogyny,not-misogyny,not-misogyny
144,上海关心你 沪 cares you,not-misogyny,not-misogyny,not-misogyny
752,我说生活好苦加点糖 结果给我加了荒唐,not-misogyny,not-misogyny,not-misogyny
982,不生娃 生的不是男娃,misogyny,misogyny,not-misogyny
198,女的最行,not-misogyny,not-misogyny,not-misogyny
884,我忘了你是太监阉人,not-misogyny,not-misogyny,not-misogyny
280,生活试图将我嚼烂 发现我嚼起来艮啾啾,not-misogyny,not-misogyny,not-misogyny
294,上班已经那么辛苦 不喝点小酒心里堵,not-misogyny,not-misogyny,not-misogyny
1548,女的厉害,not-misogyny,not-misogyny,not-misogyny
401,再浪费时间 我掐我自己,not-misogyny,not-misogyny,not-misogyny
123,好烦躁 像是走路 不能踩线 突然被打扰出局的烦躁,not-misogyny,not-misogyny,not-misogyny
1208,在干嘛 在加班,not-misogyny,not-misogyny,not-misogyny
203,以前的婆婆 都几点了还睡还不起床 嫁过来就是我们的认了 嫁过来就得在婆家过年,misogyny,not-misogyny,not-misogyny
1463,就做一周 收不太到哈,not-misogyny,not-misogyny,not-misogyny
836,生活试图让我出丑 发现我出身哥谭,not-misogyny,not-misogyny,not-misogyny
247,啊？什么？你妈逼？？,misogyny,misogyny,misogyny
1440,我有魔法 很多事情我都莫的办法,not-misogyny,not-misogyny,not-misogyny
1612,多子多孙多福气,misogyny,not-misogyny,misogyny
1596,买完票后：看一眼车厢座位号,not-misogyny,not-misogyny,not-misogyny
1154,S属性大爆发 Study,not-misogyny,not-misogyny,not-misogyny
1427,生女儿操心 生儿子费嘴,misogyny,misogyny,not-misogyny
385,风生水起,not-misogyny,not-misogyny,not-misogyny
1495,我果然是天才,not-misogyny,not-misogyny,not-misogyny
855,有了这些茶言茶语 哥哥还不是轻松拿下,not-misogyny,not-misogyny,not-misogyny
220,睡不捉。。,not-misogyny,not-misogyny,not-misogyny
642,你缺钱用？ 你姐姐哪一天不缺用 除非我已經死了,not-misogyny,not-misogyny,misogyny
2,准备过年回家 面对亲友“问候”的我,not-misogyny,not-misogyny,not-misogyny
113,别说了渣女,misogyny,not-misogyny,not-misogyny
699,CNM 三天之内鲨了你,misogyny,misogyny,misogyny
1623,我每天就读书看报 从不发神经,not-misogyny,not-misogyny,not-misogyny
952,真的太娘们了!,not-misogyny,not-misogyny,not-misogyny
1489,坏男人罪,not-misogyny,not-misogyny,not-misogyny
1411,還是現代好 不用献祭就能看到神迹 我愛太太,not-misogyny,not-misogyny,not-misogyny
1410,福 福 锻炼身体，开门见喜,not-misogyny,not-misogyny,not-misogyny
1292,医院提倡你要 顺产加母乳喂养 专家提倡你尽量 不要把孩子给老人带 ENEN 听我说,misogyny,not-misogyny,not-misogyny
1536,雨水打湿小雅迪 发誓要开大奥迪,not-misogyny,not-misogyny,not-misogyny
442,又周一了,not-misogyny,misogyny,not-misogyny
1137,臀大可以生儿子,misogyny,not-misogyny,misogyny
1257,满脑子全是 螺狮粉，酱香饼，生椰拿铁，锅包肉，椰奶小方，大把子，麻辣烫，烧猪手，油炸粑粑，海底捞，蛙来哒，肉蟹煲，炸鸡，汉堡，冰淇凌，大面包，海苔小贝，大麻薯，瑞士卷，芋泥盒子，薯片 体重三位数还敢在我面前叫嚣 少废话你只配这个 知道了 知道了,not-misogyny,not-misogyny,not-misogyny
1398,生活试图泼我冷水 发现我备好水杯,not-misogyny,not-misogyny,not-misogyny
664,其实我在等放假 好嗨哟 看似我在上班,not-misogyny,not-misogyny,not-misogyny
1557,老子最讨厌女人了，滚！,misogyny,misogyny,misogyny
1258,我要山要海还要自由 开玩笑的我要去上班了,not-misogyny,not-misogyny,not-misogyny
1648,厚背圆肩 手臂粗 大胸 水桶腰 大腿粗 小腿肌肉腿,misogyny,misogyny,misogyny
318,别藏了 快出来吧 工作你在哪儿呢？,not-misogyny,not-misogyny,not-misogyny
649,您继续说 我有在听,not-misogyny,not-misogyny,not-misogyny
1435,噩运有轮回 我这就把它抡回 不好意思啦,not-misogyny,not-misogyny,not-misogyny
1480,微臣惶恐,not-misogyny,not-misogyny,not-misogyny
710,男人视力表 脸 胸 腿 腰 臀 内在美 高学历 温柔善良 孝顺体贴 每天都要上班 会做饭会洗衣 会生孩子会喂奶 夏天不要露得太多,misogyny,not-misogyny,not-misogyny
1383,我为什么要满足 你的要求 我又不是 许愿池,not-misogyny,not-misogyny,not-misogyny
1283,女子气概,not-misogyny,not-misogyny,misogyny
973,给你的世界 下点雨,not-misogyny,not-misogyny,not-misogyny
628,我是颗烂苹果 只是表面健康 其实眼泪汪汪滴 内心烂烂滴 但谁又在意呢,not-misogyny,not-misogyny,not-misogyny
633,眼睛闭上了 不知道是睡着了 还是归西了,not-misogyny,not-misogyny,not-misogyny
1307,微臣愚钝,not-misogyny,not-misogyny,not-misogyny
1401,努力这个词看着就累 一个奴出两份力,not-misogyny,not-misogyny,not-misogyny
1409,曾经我也想一了百了，可是我... 了不起,not-misogyny,not-misogyny,not-misogyny
1249,加班中 看我夺走你的灵魂 惊 啊，怎么没有？！,not-misogyny,not-misogyny,not-misogyny
1658,人生缓缓，自有答案,not-misogyny,not-misogyny,not-misogyny
1255,我可太喜欢上班了 虽然钱少 但是事多啊 茶救星球 红气石榴番茄 蔬果搭配 双重维C新口感,not-misogyny,not-misogyny,not-misogyny
1497,你有本事就凶我吧 哼 我会躲在别人怀里哭,not-misogyny,not-misogyny,not-misogyny
1372,编，你接着编,not-misogyny,not-misogyny,not-misogyny
1355,老子的腰 夺命的膘,not-misogyny,not-misogyny,not-misogyny
1633,喏，咖啡,not-misogyny,not-misogyny,not-misogyny
1568,能不能不去组会呀,not-misogyny,not-misogyny,not-misogyny
796,妈妈说 要想拿下男孩子的心 首先拿住他的胃,misogyny,not-misogyny,not-misogyny
646,电你 在心跳吗？,not-misogyny,not-misogyny,not-misogyny
1013,喜欢上班的有福了 这周日也能上班,not-misogyny,not-misogyny,not-misogyny
557,女人以前都得伺候老爷们，现在真是变了天，我儿子那叫没骨气 清朝都灭他百年了，这天也不是今天才变的，您啊，有空多看看 天气预报,misogyny,not-misogyny,not-misogyny
682,人生得意须尽欢 到点我就要下班,not-misogyny,not-misogyny,not-misogyny
578,太好咯 今天還活着,not-misogyny,not-misogyny,not-misogyny
1110,宝宝知错了,not-misogyny,not-misogyny,not-misogyny
1267,哎呦，使不得,not-misogyny,not-misogyny,not-misogyny
1184,枪枪复枪枪 枪枪何其多,not-misogyny,not-misogyny,not-misogyny
525,每次购买卫生巾 老板都会心照不宣的拿出黑袋子,misogyny,not-misogyny,not-misogyny
1060,说我说话直接 你坦诚相待他心里有鬼,not-misogyny,not-misogyny,not-misogyny
541,正式确诊办公室安陵容 每天都很累 平等的恨每一个人,not-misogyny,not-misogyny,not-misogyny
1195,我的父母: 你不生孩子，老了谁照顾你? 我：妈妈喝水,misogyny,not-misogyny,misogyny
749,my deeeeeear friend 新年慢乐 慢慢吃妈妈做的饭 慢慢听最爱听的歌 虽然 慢慢的 但想要的都会来,not-misogyny,not-misogyny,not-misogyny
1571,人是女的 性格是好的 素质是没有的,not-misogyny,misogyny,misogyny
1431,接下来的工作计划 等过年,not-misogyny,not-misogyny,not-misogyny
485,有的女的冬天衣服一脱 肚子几层肉，看了真恶心！ 所以还是要运动啊 GYM 哈哈！ 冬天可以带去泡温泉，就知道有没有游泳圈！！ 哈哈！！ 对啊，自带游圈 我转头就跑！！,misogyny,not-misogyny,misogyny
96,操你妈逼！,misogyny,misogyny,misogyny
1021,以前的我：为什么要骂我厌女仇女给我扣这么大的帽子 明明你们自己才仇男 厌男 现在的我： 中国厌女第一人,misogyny,misogyny,misogyny
564,可以照自己喜欢的选吗 娶妻娶贤 娶妾娶色,misogyny,misogyny,misogyny
1265,女人只会勾走你的魂魄 吸干你的营养,misogyny,misogyny,misogyny
743,你要学 不然你所在的领域 就会少一位杰出的女性,not-misogyny,not-misogyny,not-misogyny
864,你这是在 关心我吗 又是你 我的朋友,not-misogyny,not-misogyny,not-misogyny
1485,快说 咱俩是不是天下第一好,not-misogyny,not-misogyny,not-misogyny
892,你爸来了！,not-misogyny,not-misogyny,not-misogyny
1039,坑 打游戏吗姐妹,not-misogyny,not-misogyny,not-misogyny
207,怎樣？我是不是該判死刑,not-misogyny,not-misogyny,not-misogyny
393,老实宅家，来年必发 新型肺炎预防手册,not-misogyny,not-misogyny,not-misogyny
795,你不会怪我吧,not-misogyny,not-misogyny,not-misogyny
871,公主请上线,not-misogyny,not-misogyny,not-misogyny
398,麦？,not-misogyny,not-misogyny,not-misogyny
767,常言道，儿孙自有儿孙福 没有儿孙我享福,misogyny,not-misogyny,not-misogyny
1561,到点了到点了 今天的赎身钱赚到了 继续停留 是没有意义的···^_^,not-misogyny,not-misogyny,not-misogyny
1242,走了,not-misogyny,not-misogyny,not-misogyny
1029,那些刻板印象 所谓假小子 不像个女生 以后怎么嫁出去,misogyny,not-misogyny,misogyny
643,生活就是晨起晨落，日子就是早出晚归 无论我活成什么样子，我都相信自己前途无量,not-misogyny,not-misogyny,not-misogyny
1603,请雇我工作,not-misogyny,not-misogyny,not-misogyny
613,再不生就晚了！老大多寂寞啊！ 怎么还不要二胎？国家政策都开放了...... 大姑 二姨 姑妈,misogyny,not-misogyny,misogyny
961,你的逼事 比火龙果子还多,not-misogyny,not-misogyny,not-misogyny
726,欧吼！,not-misogyny,not-misogyny,not-misogyny
684,你体会不到儿行母担忧的感觉 不当父母无忧,misogyny,not-misogyny,not-misogyny
99,没事就多钓鱼 比如 钓钓鲷鱼烧,not-misogyny,not-misogyny,not-misogyny
805,口罩一戴，福气常在,not-misogyny,not-misogyny,not-misogyny
407,周五周五 眉飞色舞,not-misogyny,not-misogyny,not-misogyny
503,告诉你一个好消息 我考上啦！！！,not-misogyny,not-misogyny,not-misogyny
1072,顺从 收到 不辛苦 是我活该的 我是loopy大人,not-misogyny,not-misogyny,not-misogyny
1057,为什么不生孩子？ 我穷 怕生出个超穷综合症 生不了,misogyny,not-misogyny,not-misogyny
930,他还说我太敏感 因为被你猜中了,not-misogyny,not-misogyny,misogyny
780,要留住一个男人先留住他的胃，于是，你养出一个猪队友 — —《中国妈妈带娃图鉴》,misogyny,not-misogyny,misogyny
201,互相尊重吧 反正大家 都是傻逼,not-misogyny,not-misogyny,misogyny
135,靠自己靠不住了 只有靠老天保佑了,not-misogyny,not-misogyny,not-misogyny
1052,好孕贩卖机 985 8W 空姐8W 学生5W 5W 请投入您的身份与货币,misogyny,not-misogyny,not-misogyny
41,没有，我不会下班的 我的工作永远做不完,not-misogyny,not-misogyny,not-misogyny
1018,为什么不生孩子 不想生不认识的人 那你老了怎么办 像你一样到处问,misogyny,not-misogyny,not-misogyny
231,就想着干饭 我不太思考,not-misogyny,not-misogyny,not-misogyny
1514,很不爽 是恨不得把地球当棒球 一棍子打飞全世界的不爽,not-misogyny,not-misogyny,not-misogyny
379,我当过孩子 知道孩子没啥用,not-misogyny,not-misogyny,not-misogyny
289,下班喽！ 今天的苦 先吃到这里,not-misogyny,not-misogyny,not-misogyny
419,中国生育观念之不生孩子谁照顾你,misogyny,not-misogyny,misogyny
392,那你报警吧 我是不会改哒,not-misogyny,not-misogyny,misogyny
593,怎么还不生孩子？ 不是不生是调生（下辈子生）,misogyny,not-misogyny,misogyny
1523,既要会赚钱， 又要会做家务带孩子， 同时兼顾事业和家庭。 “你要是不工作，经济就不独立 “你要是不顾家庭，你就是自私” “你要是做全职主妇， 你就没有任何价值 看不見的女性困境,misogyny,misogyny,misogyny
1163,说我不讲理 因为他说不过你,not-misogyny,not-misogyny,not-misogyny
1087,锁骨 蝴蝶骨 马甲线 小蛮腰 大长腿,misogyny,not-misogyny,misogyny
1496,你现在不结婚 老了怎么办 也像你一样到处问,misogyny,not-misogyny,misogyny
648,我的父母：你以后不生孩子 等你老了谁照顾你？ 我：,misogyny,not-misogyny,misogyny
1153,无处安放的手手,not-misogyny,not-misogyny,not-misogyny
1368,真娘们！,not-misogyny,not-misogyny,misogyny
521,不伺候老公 不孝敬公婆,misogyny,not-misogyny,misogyny
65,说我太强势 说明你有主见不好拿捏,not-misogyny,not-misogyny,not-misogyny
15,爆炸 才是工作最好的归宿,not-misogyny,not-misogyny,not-misogyny
1181,你不结婚 我头都抬不起来 那就低着头走路呗,misogyny,not-misogyny,misogyny
1065,我回来了 这次我要拿回属于我的一切！,not-misogyny,not-misogyny,not-misogyny
493,你看看你姐你姐夫，多幸福 那我也嫁给我姐夫,misogyny,not-misogyny,misogyny
380,月曜日 周一该死油饼,not-misogyny,not-misogyny,not-misogyny
188,我都不敢想象 万一我有钱了 我的道德，思想品德 能不能经得起考验,not-misogyny,not-misogyny,not-misogyny
764,在小小的工位上 挖呀挖呀挖,not-misogyny,not-misogyny,not-misogyny
217,好棒！ 做牛做马,not-misogyny,not-misogyny,not-misogyny
792,你説的這個朋友到底是不是你自己,not-misogyny,not-misogyny,not-misogyny
1077,茶要泡开，人要想开,not-misogyny,not-misogyny,not-misogyny
879,你不生孩子死了谁记得你 Who remembers you if you don't have a child and die 你太奶奶叫什么你记得吗？ Do you remember your grandmother's name?,misogyny,not-misogyny,not-misogyny
338,老婆我来啦！ 开小汽车 带老婆出去玩,not-misogyny,not-misogyny,not-misogyny
720,去你吗的,misogyny,not-misogyny,not-misogyny
296,年后再说,not-misogyny,not-misogyny,not-misogyny
1017,我不饿啊，怎么啦？,not-misogyny,not-misogyny,not-misogyny
1276,你的人格类型是：休息者REST,not-misogyny,not-misogyny,not-misogyny
1486,你不结婚 死了都没人知道 咋的，有人知道我还能活过来？,misogyny,not-misogyny,not-misogyny
456,什么时候结婚 不结婚,misogyny,not-misogyny,not-misogyny
1697,高声些 这、很光彩！,not-misogyny,not-misogyny,not-misogyny
816,买点零食留着明天吃 我告诉你，零食 ，不许勾引我吃你 说好明天吃你，今晚绝对不碰你,not-misogyny,not-misogyny,not-misogyny
270,一二三四五 我爱星期五,not-misogyny,not-misogyny,not-misogyny
996,小狗坐了起来,not-misogyny,not-misogyny,not-misogyny
202,小样 开车车创死你！,not-misogyny,not-misogyny,not-misogyny
162,工作乱成一锅粥了 大家快趁热吃吧,not-misogyny,not-misogyny,not-misogyny
1580,不结婚晚年没伴 结了婚不一定能活到晚年,misogyny,misogyny,not-misogyny
730,不行不可以 不能放弃 再扒拉两下一定有糖,not-misogyny,not-misogyny,not-misogyny
402,托福听力考试时 我 讲座材料,not-misogyny,not-misogyny,not-misogyny
703,上班别只回复 “好的” 回复：好嘞 跑堂的感觉 假装自己在拉车 有种店小二的服务精神,not-misogyny,not-misogyny,not-misogyny
1501,那些来自异性的刻板印象或打着为你好的善意性别歧视 头发长,misogyny,misogyny,misogyny
1130,我再说一遍： 我在坐牢 我在坐牢 咪咪TV 请问你在做什么？,not-misogyny,not-misogyny,not-misogyny
566,如何在保持好身材的同时，又能比猪还吃得多,not-misogyny,not-misogyny,not-misogyny
1414,emmmmmm 欲言又止,not-misogyny,not-misogyny,not-misogyny
1022,证明人 期间所获奖励和接受 您吃过的最大苦是什么 上班,not-misogyny,not-misogyny,not-misogyny
1026,今天是疯狂作业目 V我作业 看看实力 等你！,not-misogyny,not-misogyny,not-misogyny
1412,工作己完成 请查收,not-misogyny,not-misogyny,not-misogyny
1586,专心致志等过年 才是 正道,not-misogyny,not-misogyny,not-misogyny
1105,操你妈逼,misogyny,misogyny,misogyny
206,有些人自己结婚了 就开始催别人结婚 搞的我以为婚姻是什么传销组织 必须要发展下线,misogyny,misogyny,misogyny
35,早上：沙拉 中午：沙拉 晚上 能吃的都给我杀啦,not-misogyny,not-misogyny,not-misogyny
776,打游戏啦,not-misogyny,not-misogyny,not-misogyny
509,加油！,not-misogyny,not-misogyny,not-misogyny
1452,穿衣不自由 表现：穿这么好看给谁看 谁让你穿这么暴露 苍蝇不叮无缝的蛋 渣男就喜欢你这样的,misogyny,misogyny,not-misogyny
1479,我记住了 就是你 就是你 就是你 你对我一点都不好,not-misogyny,not-misogyny,not-misogyny
1674,困,not-misogyny,not-misogyny,not-misogyny
1391,想睡觉却异常清醒,not-misogyny,not-misogyny,not-misogyny
92,周五摆烂 啥也不干,not-misogyny,not-misogyny,not-misogyny
1364,学习 很轻松哒,not-misogyny,not-misogyny,not-misogyny
898,去你妈的,misogyny,not-misogyny,not-misogyny
565,操你妈 王炸 你图废了,misogyny,misogyny,misogyny
1370,等我给您送上院士宝座,not-misogyny,not-misogyny,not-misogyny
777,能 可以做到的 可以 做到！！！ 我们 可以 做到的！！！,not-misogyny,not-misogyny,not-misogyny
242,如果领导掉水里了 你该怎么做？ 先走OA审批 不批不敢捞,not-misogyny,not-misogyny,not-misogyny
14,减一斤肉跟玩命似的 涨一斤肉跟玩似的？,not-misogyny,not-misogyny,not-misogyny
316,善解人意是什么东西 委屈我自己让你开心吗？,not-misogyny,not-misogyny,not-misogyny
601,CNM,misogyny,misogyny,misogyny
388,微臣这就去办,not-misogyny,not-misogyny,not-misogyny
1298,鱼哭了水知道 我哭了谁知道,not-misogyny,not-misogyny,not-misogyny
167,结了婚，生了孩子，你才能成为真正的女人！ 我现在是条狗吗？,misogyny,misogyny,misogyny
841,怎么还不生孩子？ 有啊，3岁了,misogyny,misogyny,misogyny
21,喝中药调理不了我了 要喝农药才行了,not-misogyny,not-misogyny,not-misogyny
647,父母：不结婚年纪大了 就更不容易了 我：有钱情绪稳定的大姐姐谁不喜欢,misogyny,not-misogyny,misogyny
1509,能走路 就是好腿！,not-misogyny,not-misogyny,not-misogyny
1155,我司雇我在,not-misogyny,not-misogyny,not-misogyny
1529,在上班，什么事,not-misogyny,not-misogyny,not-misogyny
832,你不生孩子就是自私 你不自私你帮我生，生完再把养老保险给我交了。,misogyny,not-misogyny,misogyny
1268,客户问题解决了吗 你啰嗦了,not-misogyny,not-misogyny,not-misogyny
1591,说我不懂事 你不好骗,not-misogyny,not-misogyny,not-misogyny
563,赶紧劝劝你媳妇多个孩子以后有个什么事还能商量 商量什么，商量以后氧气罐是老大拔还是老二拔吗,misogyny,misogyny,misogyny
1657,我不理解,not-misogyny,not-misogyny,not-misogyny
687,我同学家的孩子跟你差不多大的都二胎了，都当奶奶了。。 那我从今天开始管你叫奶奶行嘛,misogyny,misogyny,misogyny
958,那还真是抱歉呢,not-misogyny,not-misogyny,not-misogyny
190,气成鼠片,not-misogyny,not-misogyny,not-misogyny
976,距离下班还有三分钟！ 预备备！！,not-misogyny,not-misogyny,not-misogyny
700,今天的女孩 明天的建設者,not-misogyny,not-misogyny,not-misogyny
1500,国庆结束，收收心 准备迎接过年,not-misogyny,not-misogyny,not-misogyny
511,出门打工,not-misogyny,not-misogyny,not-misogyny
1083,熬过星期五 人生我做主,not-misogyny,not-misogyny,not-misogyny
475,这是非常弱智的一些表现,not-misogyny,not-misogyny,not-misogyny
1585,黄老师 你给我炒点豆角吧 我不想活了,not-misogyny,not-misogyny,not-misogyny
857,好的 你忙吧 我吃柠檬 NMB WCNM,misogyny,misogyny,misogyny
748,前途一片光明啊,not-misogyny,not-misogyny,not-misogyny
253,再不结婚 你父母的脸都让你丢光了！,misogyny,not-misogyny,misogyny
22,不要做emo的傀儡 要做快乐的领头人,not-misogyny,not-misogyny,not-misogyny
1338,老婆老婆老婆 超级想老婆 赶快奔赴老婆身边,not-misogyny,not-misogyny,not-misogyny
460,新的一年 经济独立 家里人给点就花点 不给就要点,not-misogyny,not-misogyny,not-misogyny
1185,下班了 今天的苦就先吃到这里,not-misogyny,not-misogyny,not-misogyny
277,cnm 真晦气,misogyny,misogyny,misogyny
956,小妞，想你,not-misogyny,not-misogyny,not-misogyny
1216,别挑三拣四的，遇到好的先结婚，感情慢慢培养！ 吵架了可以先离婚 孩子和钱可以慢慢分,misogyny,misogyny,not-misogyny
386,终于生了个儿子！ 总算凑足了罚金！ 超生 超生罚款,misogyny,misogyny,misogyny
806,结婚那么好还用催吗？ 地上有钱我还不知道捡吗？,misogyny,not-misogyny,not-misogyny
1438,帅到你了 不用赔钱吧,not-misogyny,not-misogyny,misogyny
1516,伤害人 呜呜呜 你真有一套,not-misogyny,not-misogyny,not-misogyny
344,不媚男 不爱女 我就这样。 对男生 对女生 装啥呢大姐 我就这么刻薄的过一辈子,not-misogyny,not-misogyny,not-misogyny
770,以前的婆婆 在外面吃饭多浪费 再生一个呀，我帮你带 生完一胎催二胎 过日子我省着点花,misogyny,misogyny,misogyny
1333,但是还是要装一下 这电脑是一个字也看不进去,not-misogyny,not-misogyny,not-misogyny
131,"不生孩子死家里都没人发现 No one in the family would even notice if they didn't give birth or die 我不是古董发现了也没有价值 I'm not an antique,If I find it,it's not worth it",misogyny,not-misogyny,misogyny
872,走亲戚就是一场 巨大的粉丝见面会 所有人都对我了如指掌 但我一个都不认识,not-misogyny,not-misogyny,not-misogyny
1124,对情感中的投入义务 你可曾听过 对婚育的无形期待 年纪不小了，女生早点结婚才合适 你是女生，不考虑结婚生孩子吗？ 有了家庭就该围绕家人转 不结婚生子就不是女人 男生不够成熟，女生可以多包容些 女生适当柔和些，关系才能和谐 恋爱要多忍耐，别总想着换人 他工作压力大，你多体谅一下 看见不平等,misogyny,misogyny,not-misogyny
1397,不结婚 你的罪名就只有不结婚,misogyny,not-misogyny,misogyny
88,我是装修师傅 请问您装什么,not-misogyny,not-misogyny,not-misogyny
1483,伴娘为什么要未婚的 因为如果是已婚的 会劝你一晚上不要结婚,misogyny,misogyny,not-misogyny
331,你们准备什么时候要孩子 儿孙自有儿孙福 没有儿孙我享福,misogyny,not-misogyny,misogyny
1239,女人！团结！ GIRLS POWER！,not-misogyny,not-misogyny,not-misogyny
467,OK你说,not-misogyny,not-misogyny,not-misogyny
122,节后再说 不在,not-misogyny,not-misogyny,not-misogyny
1639,别催，在做了,not-misogyny,not-misogyny,not-misogyny
1045,有些人自己结婚了 就开始催别人结婚 搞的我以为婚姻是什么传销组织 必须要发展下线,misogyny,not-misogyny,misogyny
1096,查岗了~ 和谁一起 在哪里 在干嘛 发个视频给我瞅瞅,not-misogyny,not-misogyny,not-misogyny
1131,轻轻敲醒沉睡的心灵,not-misogyny,not-misogyny,not-misogyny
1295,我是女孩 我什么样女孩就是什么样 而不是该有个女孩样,not-misogyny,not-misogyny,not-misogyny
861,告到中央 我要告到中央! ！！,not-misogyny,not-misogyny,not-misogyny
1460,诶这是什么工作？ 投一下 诶这是什么工作？ 投一下 诶这是什么工作？ 投一下 诶这是什么工作？ 投一下,not-misogyny,not-misogyny,not-misogyny
1127,2025 新年快乐,not-misogyny,not-misogyny,not-misogyny
